INSERT INTO ADMIN.PROJECT_DONVI(MADV, TENDV)values('DV001', 'VP KHOA');
INSERT INTO ADMIN.PROJECT_DONVI(MADV, TENDV)values('DV002', 'BM HTTT');
INSERT INTO ADMIN.PROJECT_DONVI(MADV, TENDV)values('DV003', 'BM CNTT');
INSERT INTO ADMIN.PROJECT_DONVI(MADV, TENDV)values('DV004', 'BM KHMT');
INSERT INTO ADMIN.PROJECT_DONVI(MADV, TENDV)values('DV005', 'BM CNPM');
INSERT INTO ADMIN.PROJECT_DONVI(MADV, TENDV)values('DV006', 'BM TGMT');
INSERT INTO ADMIN.PROJECT_DONVI(MADV, TENDV)values('DV007', 'BM MMTVT');

ALTER SESSION SET NLS_DATE_FORMAT='YYYY-MM-DD';
INSERT INTO ADMIN.PROJECT_NHANSU (MANV,HOTEN,PHAI,NGSINH,PHUCAP,DT,VAITRO,DONVI)
VALUES
  ('NV001','Brandon Gentry','NU','1987-04-24',1305456,'045-286-1395','NVCOBAN','DV002');
  
INSERT INTO ADMIN.PROJECT_NHANSU (MANV,HOTEN,PHAI,NGSINH,PHUCAP,DT,VAITRO,DONVI)
VALUES
  ('NV002','Justine Lane','NAM','1988-08-25',6279663,'067-755-7089','GIAOVU','DV007');
  
INSERT INTO ADMIN.PROJECT_NHANSU (MANV,HOTEN,PHAI,NGSINH,PHUCAP,DT,VAITRO,DONVI)
VALUES
  ('NV003','Duncan Gaines','NU','1996-02-19',3363307,'064-734-3623','TRGKHOA','DV006');
  
INSERT INTO ADMIN.PROJECT_NHANSU (MANV,HOTEN,PHAI,NGSINH,PHUCAP,DT,VAITRO,DONVI)
VALUES
  ('NV004','Quinlan Marshall','NAM','1998-12-12',4455262,'034-718-9839','GIANGVIEN','DV007');
  
INSERT INTO ADMIN.PROJECT_NHANSU (MANV,HOTEN,PHAI,NGSINH,PHUCAP,DT,VAITRO,DONVI)
VALUES
  ('NV005','Noelani Moore','NU','1993-02-22',6606731,'098-581-8875','GIAOVU','DV005');
  
INSERT INTO ADMIN.PROJECT_NHANSU (MANV,HOTEN,PHAI,NGSINH,PHUCAP,DT,VAITRO,DONVI)
VALUES
  ('NV006','Mollie Heath','NAM','1987-03-22',5948598,'027-937-6131','TRGDONVI','DV004');
  
INSERT INTO ADMIN.PROJECT_NHANSU (MANV,HOTEN,PHAI,NGSINH,PHUCAP,DT,VAITRO,DONVI)
VALUES
  ('NV007','Cole Campbell','NU','1990-08-14',9456079,'070-070-4227','TRGDONVI','DV005');
  
INSERT INTO ADMIN.PROJECT_NHANSU (MANV,HOTEN,PHAI,NGSINH,PHUCAP,DT,VAITRO,DONVI)
VALUES
  ('NV008','Blake Newman','NAM','1987-05-24',8903502,'061-333-6896','NVCOBAN','DV004');
  
INSERT INTO ADMIN.PROJECT_NHANSU (MANV,HOTEN,PHAI,NGSINH,PHUCAP,DT,VAITRO,DONVI)
VALUES
  ('NV009','Mollie Joyce','NAM','1990-04-24',4644719,'036-345-2461','GIANGVIEN','DV003');
  
INSERT INTO ADMIN.PROJECT_NHANSU (MANV,HOTEN,PHAI,NGSINH,PHUCAP,DT,VAITRO,DONVI)
VALUES
  ('NV010','Ursa Harrell','NAM','1999-04-05',9276923,'092-267-8933','GIAOVU','DV001');
  
INSERT INTO ADMIN.PROJECT_NHANSU (MANV,HOTEN,PHAI,NGSINH,PHUCAP,DT,VAITRO,DONVI)
VALUES
  ('NV011','Timon Harrell','NAM','1999-03-06',1456448,'094-154-1287','GIANGVIEN','DV002');
  
INSERT INTO ADMIN.PROJECT_NHANSU (MANV,HOTEN,PHAI,NGSINH,PHUCAP,DT,VAITRO,DONVI)
VALUES
  ('NV012','Griffith Collins','NU','1988-08-16',2145046,'068-091-9558','GIAOVU','DV006');
  
INSERT INTO ADMIN.PROJECT_NHANSU (MANV,HOTEN,PHAI,NGSINH,PHUCAP,DT,VAITRO,DONVI)
VALUES
  ('NV013','Alden Gomez','NAM','1988-08-08',2027080,'054-154-9815','GIAOVU','DV006');
  
INSERT INTO ADMIN.PROJECT_NHANSU (MANV,HOTEN,PHAI,NGSINH,PHUCAP,DT,VAITRO,DONVI)
VALUES
  ('NV014','Yvonne Walters','NAM','1997-06-08',5994030,'051-880-1348','GIANGVIEN','DV001');
  
INSERT INTO ADMIN.PROJECT_NHANSU (MANV,HOTEN,PHAI,NGSINH,PHUCAP,DT,VAITRO,DONVI)
VALUES
  ('NV015','Bert Garrison','NU','1998-04-22',3796671,'043-793-9752','NVCOBAN','DV003');
  
INSERT INTO ADMIN.PROJECT_NHANSU (MANV,HOTEN,PHAI,NGSINH,PHUCAP,DT,VAITRO,DONVI)
VALUES
  ('NV016','Howard Montoya','NAM','1988-07-26',5019107,'032-198-7186','TRGDONVI','DV003');
  
INSERT INTO ADMIN.PROJECT_NHANSU (MANV,HOTEN,PHAI,NGSINH,PHUCAP,DT,VAITRO,DONVI)
VALUES
  ('NV017','Ira Cruz','NAM','1989-12-15',3636955,'083-274-0813','TRGDONVI','DV006');
  
INSERT INTO ADMIN.PROJECT_NHANSU (MANV,HOTEN,PHAI,NGSINH,PHUCAP,DT,VAITRO,DONVI)
VALUES
  ('NV018','Hadley Pittman','NU','1995-07-01',8614013,'015-283-7727','NVCOBAN','DV004');
  
INSERT INTO ADMIN.PROJECT_NHANSU (MANV,HOTEN,PHAI,NGSINH,PHUCAP,DT,VAITRO,DONVI)
VALUES
  ('NV019','Erin Hopkins','NAM','1987-01-01',1939475,'062-843-7414','GIANGVIEN','DV002');
  
INSERT INTO ADMIN.PROJECT_NHANSU (MANV,HOTEN,PHAI,NGSINH,PHUCAP,DT,VAITRO,DONVI)
VALUES
  ('NV020','Craig Sweeney','NAM','1999-04-30',2545411,'054-876-1312','GIANGVIEN','DV006');
  
INSERT INTO ADMIN.PROJECT_NHANSU (MANV,HOTEN,PHAI,NGSINH,PHUCAP,DT,VAITRO,DONVI)
VALUES
  ('NV021','Indira Clemons','NAM','1993-08-11',2870210,'056-075-0049','GIANGVIEN','DV004');
  
INSERT INTO ADMIN.PROJECT_NHANSU (MANV,HOTEN,PHAI,NGSINH,PHUCAP,DT,VAITRO,DONVI)
VALUES
  ('NV022','Brenden Kent','NU','1987-06-10',5975098,'065-262-3825','TRGDONVI','DV007');
  
INSERT INTO ADMIN.PROJECT_NHANSU (MANV,HOTEN,PHAI,NGSINH,PHUCAP,DT,VAITRO,DONVI)
VALUES
  ('NV023','Lareina Schneider','NU','1998-11-15',6751732,'041-668-7117','TRGDONVI','DV002');
  
INSERT INTO ADMIN.PROJECT_NHANSU (MANV,HOTEN,PHAI,NGSINH,PHUCAP,DT,VAITRO,DONVI)
VALUES
  ('NV024','Violet Hinton','NU','1996-11-26',7633860,'072-774-6878','GIANGVIEN','DV007');
  
INSERT INTO ADMIN.PROJECT_NHANSU (MANV,HOTEN,PHAI,NGSINH,PHUCAP,DT,VAITRO,DONVI)
VALUES
  ('NV025','Calvin Ingram','NAM','1998-03-11',8199172,'033-357-4385','NVCOBAN','DV004');
  
INSERT INTO ADMIN.PROJECT_NHANSU (MANV,HOTEN,PHAI,NGSINH,PHUCAP,DT,VAITRO,DONVI)
VALUES
  ('NV026','Jasper Hyde','NAM','1997-06-08',2012338,'016-387-2083','NVCOBAN','DV006');
  
INSERT INTO ADMIN.PROJECT_NHANSU (MANV,HOTEN,PHAI,NGSINH,PHUCAP,DT,VAITRO,DONVI)
VALUES
  ('NV027','Samson Morales','NAM','1991-04-21',8232454,'041-211-1615','GIANGVIEN','DV007');
  
INSERT INTO ADMIN.PROJECT_NHANSU (MANV,HOTEN,PHAI,NGSINH,PHUCAP,DT,VAITRO,DONVI)
VALUES
  ('NV028','Medge Christensen','NAM','1988-07-26',4931365,'096-512-2675','GIANGVIEN','DV005');
  
INSERT INTO ADMIN.PROJECT_NHANSU (MANV,HOTEN,PHAI,NGSINH,PHUCAP,DT,VAITRO,DONVI)
VALUES
  ('NV029','Mollie Schneider','NAM','1993-10-02',6083376,'036-681-6151','GIANGVIEN','DV003');

declare
    cursor cur is (Select MANV, DONVI from ADMIN.PROJECT_NHANSU where VAITRO = 'TRGDONVI');
    MA varchar2(5);
    DV varchar2(5);
begin
    open cur;
    loop
        FETCH CUR INTO MA,DV;
        EXIT WHEN CUR%NOTFOUND;

        update ADMIN.PROJECT_DONVI set TRGDV = MA where MADV = DV;
    end loop;
end;
update ADMIN.PROJECT_DONVI set TRGDV = 'NV003' where MADV = 'DV001';

INSERT INTO ADMIN.PROJECT_HOCPHAN (MAHP,TENHP,SOTC,STLT,STTH,SOSVTD,MADV)
VALUES
  ('HP001','HOC PHAN 1',3,7,14,59,'DV002');
  
INSERT INTO ADMIN.PROJECT_HOCPHAN (MAHP,TENHP,SOTC,STLT,STTH,SOSVTD,MADV)
VALUES
  ('HP002','HOC PHAN 2',4,14,8,58,'DV001');
  
INSERT INTO ADMIN.PROJECT_HOCPHAN (MAHP,TENHP,SOTC,STLT,STTH,SOSVTD,MADV)
VALUES
  ('HP003','HOC PHAN 3',3,5,17,42,'DV005');
  
INSERT INTO ADMIN.PROJECT_HOCPHAN (MAHP,TENHP,SOTC,STLT,STTH,SOSVTD,MADV)
VALUES
  ('HP004','HOC PHAN 4',2,7,15,47,'DV005');
  
INSERT INTO ADMIN.PROJECT_HOCPHAN (MAHP,TENHP,SOTC,STLT,STTH,SOSVTD,MADV)
VALUES
  ('HP005','HOC PHAN 5',2,7,20,49,'DV002');
  
INSERT INTO ADMIN.PROJECT_HOCPHAN (MAHP,TENHP,SOTC,STLT,STTH,SOSVTD,MADV)
VALUES
  ('HP006','HOC PHAN 6',2,10,16,53,'DV003');
  
INSERT INTO ADMIN.PROJECT_HOCPHAN (MAHP,TENHP,SOTC,STLT,STTH,SOSVTD,MADV)
VALUES
  ('HP007','HOC PHAN 7',3,17,16,60,'DV002');
  
INSERT INTO ADMIN.PROJECT_HOCPHAN (MAHP,TENHP,SOTC,STLT,STTH,SOSVTD,MADV)
VALUES
  ('HP008','HOC PHAN 8',3,15,16,53,'DV005');
  
INSERT INTO ADMIN.PROJECT_HOCPHAN (MAHP,TENHP,SOTC,STLT,STTH,SOSVTD,MADV)
VALUES
  ('HP009','HOC PHAN 9',4,8,12,54,'DV003');
  
INSERT INTO ADMIN.PROJECT_HOCPHAN (MAHP,TENHP,SOTC,STLT,STTH,SOSVTD,MADV)
VALUES
  ('HP010','HOC PHAN 10',3,7,10,59,'DV003');
  
INSERT INTO ADMIN.PROJECT_HOCPHAN (MAHP,TENHP,SOTC,STLT,STTH,SOSVTD,MADV)
VALUES
  ('HP011','HOC PHAN 11',3,8,19,52,'DV004');
  
INSERT INTO ADMIN.PROJECT_HOCPHAN (MAHP,TENHP,SOTC,STLT,STTH,SOSVTD,MADV)
VALUES
  ('HP012','HOC PHAN 12',3,16,12,42,'DV004');
  
INSERT INTO ADMIN.PROJECT_HOCPHAN (MAHP,TENHP,SOTC,STLT,STTH,SOSVTD,MADV)
VALUES
  ('HP013','HOC PHAN 13',4,9,7,58,'DV002');
  
INSERT INTO ADMIN.PROJECT_HOCPHAN (MAHP,TENHP,SOTC,STLT,STTH,SOSVTD,MADV)
VALUES
  ('HP014','HOC PHAN 14',3,13,18,43,'DV004');
  
INSERT INTO ADMIN.PROJECT_HOCPHAN (MAHP,TENHP,SOTC,STLT,STTH,SOSVTD,MADV)
VALUES
  ('HP015','HOC PHAN 15',3,19,14,47,'DV005');
  
INSERT INTO ADMIN.PROJECT_HOCPHAN (MAHP,TENHP,SOTC,STLT,STTH,SOSVTD,MADV)
VALUES
  ('HP016','HOC PHAN 16',3,10,11,55,'DV002');
  
INSERT INTO ADMIN.PROJECT_HOCPHAN (MAHP,TENHP,SOTC,STLT,STTH,SOSVTD,MADV)
VALUES
  ('HP017','HOC PHAN 17',3,17,14,45,'DV003');
  
INSERT INTO ADMIN.PROJECT_HOCPHAN (MAHP,TENHP,SOTC,STLT,STTH,SOSVTD,MADV)
VALUES
  ('HP018','HOC PHAN 18',3,15,16,54,'DV005');
  
INSERT INTO ADMIN.PROJECT_HOCPHAN (MAHP,TENHP,SOTC,STLT,STTH,SOSVTD,MADV)
VALUES
  ('HP019','HOC PHAN 19',2,10,14,42,'DV001');
  
INSERT INTO ADMIN.PROJECT_HOCPHAN (MAHP,TENHP,SOTC,STLT,STTH,SOSVTD,MADV)
VALUES
  ('HP020','HOC PHAN 20',4,9,18,60,'DV001');
  
INSERT INTO ADMIN.PROJECT_HOCPHAN (MAHP,TENHP,SOTC,STLT,STTH,SOSVTD,MADV)
VALUES
  ('HP021','HOC PHAN 21',4,13,18,55,'DV004');
  
INSERT INTO ADMIN.PROJECT_HOCPHAN (MAHP,TENHP,SOTC,STLT,STTH,SOSVTD,MADV)
VALUES
  ('HP022','HOC PHAN 22',4,11,11,47,'DV001');
  
INSERT INTO ADMIN.PROJECT_HOCPHAN (MAHP,TENHP,SOTC,STLT,STTH,SOSVTD,MADV)
VALUES
  ('HP023','HOC PHAN 23',3,6,18,53,'DV003');
  
INSERT INTO ADMIN.PROJECT_HOCPHAN (MAHP,TENHP,SOTC,STLT,STTH,SOSVTD,MADV)
VALUES
  ('HP024','HOC PHAN 24',4,15,12,52,'DV001');
  
INSERT INTO ADMIN.PROJECT_HOCPHAN (MAHP,TENHP,SOTC,STLT,STTH,SOSVTD,MADV)
VALUES
  ('HP025','HOC PHAN 25',4,19,20,43,'DV005');
  
INSERT INTO ADMIN.PROJECT_HOCPHAN (MAHP,TENHP,SOTC,STLT,STTH,SOSVTD,MADV)
VALUES
  ('HP026','HOC PHAN 26',3,16,11,43,'DV004');
  
INSERT INTO ADMIN.PROJECT_HOCPHAN (MAHP,TENHP,SOTC,STLT,STTH,SOSVTD,MADV)
VALUES
  ('HP027','HOC PHAN 27',4,5,19,50,'DV005');
  
INSERT INTO ADMIN.PROJECT_HOCPHAN (MAHP,TENHP,SOTC,STLT,STTH,SOSVTD,MADV)
VALUES
  ('HP028','HOC PHAN 28',2,5,9,54,'DV004');
  
INSERT INTO ADMIN.PROJECT_HOCPHAN (MAHP,TENHP,SOTC,STLT,STTH,SOSVTD,MADV)
VALUES
  ('HP029','HOC PHAN 29',2,16,12,60,'DV001');
  
INSERT INTO ADMIN.PROJECT_HOCPHAN (MAHP,TENHP,SOTC,STLT,STTH,SOSVTD,MADV)
VALUES
  ('HP030','HOC PHAN 30',2,16,10,53,'DV004');
  
INSERT INTO ADMIN.PROJECT_HOCPHAN (MAHP,TENHP,SOTC,STLT,STTH,SOSVTD,MADV)
VALUES
  ('HP031','HOC PHAN 31',4,18,18,54,'DV006');
  
INSERT INTO ADMIN.PROJECT_HOCPHAN (MAHP,TENHP,SOTC,STLT,STTH,SOSVTD,MADV)
VALUES
  ('HP032','HOC PHAN 32',3,12,9,51,'DV006');
  
INSERT INTO ADMIN.PROJECT_HOCPHAN (MAHP,TENHP,SOTC,STLT,STTH,SOSVTD,MADV)
VALUES
  ('HP033','HOC PHAN 33',2,10,20,51,'DV006');
  
INSERT INTO ADMIN.PROJECT_HOCPHAN (MAHP,TENHP,SOTC,STLT,STTH,SOSVTD,MADV)
VALUES
  ('HP034','HOC PHAN 34',2,19,18,58,'DV006');
  
INSERT INTO ADMIN.PROJECT_HOCPHAN (MAHP,TENHP,SOTC,STLT,STTH,SOSVTD,MADV)
VALUES
  ('HP035','HOC PHAN 35',4,13,15,58,'DV006');

INSERT INTO ADMIN.PROJECT_KHMO (MAHP,HK,NAM,MACT)
VALUES
  ('HP024','1','2024','CLC');
  
INSERT INTO ADMIN.PROJECT_KHMO (MAHP,HK,NAM,MACT)
VALUES
  ('HP007','1','2026','VP');
  
INSERT INTO ADMIN.PROJECT_KHMO (MAHP,HK,NAM,MACT)
VALUES
  ('HP008','9','2026','CTTT');
  
INSERT INTO ADMIN.PROJECT_KHMO (MAHP,HK,NAM,MACT)
VALUES
  ('HP009','9','2024','CQ');
  
INSERT INTO ADMIN.PROJECT_KHMO (MAHP,HK,NAM,MACT)
VALUES
  ('HP015','1','2024','CLC');
  
INSERT INTO ADMIN.PROJECT_KHMO (MAHP,HK,NAM,MACT)
VALUES
  ('HP026','5','2024','CLC');
  
INSERT INTO ADMIN.PROJECT_KHMO (MAHP,HK,NAM,MACT)
VALUES
  ('HP002','9','2024','VP');
  
INSERT INTO ADMIN.PROJECT_KHMO (MAHP,HK,NAM,MACT)
VALUES
  ('HP010','1','2026','CQ');
  
INSERT INTO ADMIN.PROJECT_KHMO (MAHP,HK,NAM,MACT)
VALUES
  ('HP025','1','2024','CTTT');
  
INSERT INTO ADMIN.PROJECT_KHMO (MAHP,HK,NAM,MACT)
VALUES
  ('HP023','9','2024','VP');
  
INSERT INTO ADMIN.PROJECT_KHMO (MAHP,HK,NAM,MACT)
VALUES
  ('HP009','5','2024','VP');
  
INSERT INTO ADMIN.PROJECT_KHMO (MAHP,HK,NAM,MACT)
VALUES
  ('HP019','9','2026','CLC');
  
INSERT INTO ADMIN.PROJECT_KHMO (MAHP,HK,NAM,MACT)
VALUES
  ('HP025','1','2026','CLC');
  
INSERT INTO ADMIN.PROJECT_KHMO (MAHP,HK,NAM,MACT)
VALUES
  ('HP022','9','2026','CQ');
  
INSERT INTO ADMIN.PROJECT_KHMO (MAHP,HK,NAM,MACT)
VALUES
  ('HP022','5','2024','CLC');
  
INSERT INTO ADMIN.PROJECT_KHMO (MAHP,HK,NAM,MACT)
VALUES
  ('HP024','5','2025','CQ');
  
INSERT INTO ADMIN.PROJECT_KHMO (MAHP,HK,NAM,MACT)
VALUES
  ('HP001','5','2024','VP');
  
INSERT INTO ADMIN.PROJECT_KHMO (MAHP,HK,NAM,MACT)
VALUES
  ('HP025','9','2026','CLC');
  
INSERT INTO ADMIN.PROJECT_KHMO (MAHP,HK,NAM,MACT)
VALUES
  ('HP004','5','2025','CTTT');
  
INSERT INTO ADMIN.PROJECT_KHMO (MAHP,HK,NAM,MACT)
VALUES
  ('HP007','9','2026','CLC');
  
INSERT INTO ADMIN.PROJECT_KHMO (MAHP,HK,NAM,MACT)
VALUES
  ('HP010','9','2024','VP');
  
INSERT INTO ADMIN.PROJECT_KHMO (MAHP,HK,NAM,MACT)
VALUES
  ('HP003','5','2025','CQ');
  
INSERT INTO ADMIN.PROJECT_KHMO (MAHP,HK,NAM,MACT)
VALUES
  ('HP007','5','2024','CQ');
  
INSERT INTO ADMIN.PROJECT_KHMO (MAHP,HK,NAM,MACT)
VALUES
  ('HP007','1','2026','CQ');
  
INSERT INTO ADMIN.PROJECT_KHMO (MAHP,HK,NAM,MACT)
VALUES
  ('HP010','1','2024','CTTT');
  
INSERT INTO ADMIN.PROJECT_KHMO (MAHP,HK,NAM,MACT)
VALUES
  ('HP001','1','2024','VP');
  
INSERT INTO ADMIN.PROJECT_KHMO (MAHP,HK,NAM,MACT)
VALUES
  ('HP027','5','2024','CTTT');
  
INSERT INTO ADMIN.PROJECT_KHMO (MAHP,HK,NAM,MACT)
VALUES
  ('HP025','9','2025','CQ');
  
INSERT INTO ADMIN.PROJECT_KHMO (MAHP,HK,NAM,MACT)
VALUES
  ('HP022','1','2025','CLC');
  
INSERT INTO ADMIN.PROJECT_KHMO (MAHP,HK,NAM,MACT)
VALUES
  ('HP018','9','2024','VP');
  
INSERT INTO ADMIN.PROJECT_KHMO (MAHP,HK,NAM,MACT)
VALUES
  ('HP022','9','2026','CQ');
  
INSERT INTO ADMIN.PROJECT_KHMO (MAHP,HK,NAM,MACT)
VALUES
  ('HP003','1','2026','CQ');
  
INSERT INTO ADMIN.PROJECT_KHMO (MAHP,HK,NAM,MACT)
VALUES
  ('HP006','9','2026','VP');
  
INSERT INTO ADMIN.PROJECT_KHMO (MAHP,HK,NAM,MACT)
VALUES
  ('HP019','9','2026','CQ');
  
INSERT INTO ADMIN.PROJECT_KHMO (MAHP,HK,NAM,MACT)
VALUES
  ('HP028','9','2025','VP');
  
INSERT INTO ADMIN.PROJECT_KHMO (MAHP,HK,NAM,MACT)
VALUES
  ('HP018','1','2025','CTTT');
  
INSERT INTO ADMIN.PROJECT_KHMO (MAHP,HK,NAM,MACT)
VALUES
  ('HP010','5','2025','CTTT');
  
INSERT INTO ADMIN.PROJECT_KHMO (MAHP,HK,NAM,MACT)
VALUES
  ('HP004','5','2024','CQ');
  
INSERT INTO ADMIN.PROJECT_KHMO (MAHP,HK,NAM,MACT)
VALUES
  ('HP005','5','2025','CTTT');
  
INSERT INTO ADMIN.PROJECT_KHMO (MAHP,HK,NAM,MACT)
VALUES
  ('HP016','9','2025','CTTT');
  
INSERT INTO ADMIN.PROJECT_KHMO (MAHP,HK,NAM,MACT)
VALUES
  ('HP014','1','2024','CQ');
  
INSERT INTO ADMIN.PROJECT_KHMO (MAHP,HK,NAM,MACT)
VALUES
  ('HP005','5','2026','VP');
  
INSERT INTO ADMIN.PROJECT_KHMO (MAHP,HK,NAM,MACT)
VALUES
  ('HP019','9','2024','CQ');
  
INSERT INTO ADMIN.PROJECT_KHMO (MAHP,HK,NAM,MACT)
VALUES
  ('HP008','5','2026','VP');
  
INSERT INTO ADMIN.PROJECT_KHMO (MAHP,HK,NAM,MACT)
VALUES
  ('HP007','1','2026','VP');
  
INSERT INTO ADMIN.PROJECT_KHMO (MAHP,HK,NAM,MACT)
VALUES
  ('HP024','5','2025','CTTT');
  
INSERT INTO ADMIN.PROJECT_KHMO (MAHP,HK,NAM,MACT)
VALUES
  ('HP020','9','2026','CTTT');
  
INSERT INTO ADMIN.PROJECT_KHMO (MAHP,HK,NAM,MACT)
VALUES
  ('HP025','9','2024','CLC');
  
INSERT INTO ADMIN.PROJECT_KHMO (MAHP,HK,NAM,MACT)
VALUES
  ('HP004','9','2026','CLC');
  
INSERT INTO ADMIN.PROJECT_KHMO (MAHP,HK,NAM,MACT)
VALUES
  ('HP022','9','2024','CTTT');
  
INSERT INTO ADMIN.PROJECT_KHMO (MAHP,HK,NAM,MACT)
VALUES
  ('HP007','9','2026','VP');
  
INSERT INTO ADMIN.PROJECT_KHMO (MAHP,HK,NAM,MACT)
VALUES
  ('HP004','5','2026','VP');
  
INSERT INTO ADMIN.PROJECT_KHMO (MAHP,HK,NAM,MACT)
VALUES
  ('HP007','5','2026','VP');
  
INSERT INTO ADMIN.PROJECT_KHMO (MAHP,HK,NAM,MACT)
VALUES
  ('HP010','5','2026','CLC');
  
INSERT INTO ADMIN.PROJECT_KHMO (MAHP,HK,NAM,MACT)
VALUES
  ('HP022','5','2025','CLC');
  
INSERT INTO ADMIN.PROJECT_KHMO (MAHP,HK,NAM,MACT)
VALUES
  ('HP006','1','2024','VP');
  
INSERT INTO ADMIN.PROJECT_KHMO (MAHP,HK,NAM,MACT)
VALUES
  ('HP022','1','2024','VP');
  
INSERT INTO ADMIN.PROJECT_KHMO (MAHP,HK,NAM,MACT)
VALUES
  ('HP004','9','2025','CLC');
  
INSERT INTO ADMIN.PROJECT_KHMO (MAHP,HK,NAM,MACT)
VALUES
  ('HP011','1','2026','CTTT');
  
INSERT INTO ADMIN.PROJECT_KHMO (MAHP,HK,NAM,MACT)
VALUES
  ('HP008','5','2026','CQ');
  
INSERT INTO ADMIN.PROJECT_KHMO (MAHP,HK,NAM,MACT)
VALUES
  ('HP006','5','2024','CTTT');
  
INSERT INTO ADMIN.PROJECT_KHMO (MAHP,HK,NAM,MACT)
VALUES
  ('HP028','5','2026','CTTT');
  
INSERT INTO ADMIN.PROJECT_KHMO (MAHP,HK,NAM,MACT)
VALUES
  ('HP001','5','2024','VP');
  
INSERT INTO ADMIN.PROJECT_KHMO (MAHP,HK,NAM,MACT)
VALUES
  ('HP001','5','2024','CQ');
  
INSERT INTO ADMIN.PROJECT_KHMO (MAHP,HK,NAM,MACT)
VALUES
  ('HP022','1','2025','CQ');
  
INSERT INTO ADMIN.PROJECT_KHMO (MAHP,HK,NAM,MACT)
VALUES
  ('HP012','1','2026','VP');
  
INSERT INTO ADMIN.PROJECT_KHMO (MAHP,HK,NAM,MACT)
VALUES
  ('HP009','9','2026','VP');
  
INSERT INTO ADMIN.PROJECT_KHMO (MAHP,HK,NAM,MACT)
VALUES
  ('HP017','9','2026','CTTT');
  
INSERT INTO ADMIN.PROJECT_KHMO (MAHP,HK,NAM,MACT)
VALUES
  ('HP022','5','2024','CQ');
  
INSERT INTO ADMIN.PROJECT_KHMO (MAHP,HK,NAM,MACT)
VALUES
  ('HP028','9','2026','CQ');
  
INSERT INTO ADMIN.PROJECT_KHMO (MAHP,HK,NAM,MACT)
VALUES
  ('HP021','9','2026','CTTT');
  
INSERT INTO ADMIN.PROJECT_KHMO (MAHP,HK,NAM,MACT)
VALUES
  ('HP025','1','2024','CQ');
  
INSERT INTO ADMIN.PROJECT_KHMO (MAHP,HK,NAM,MACT)
VALUES
  ('HP022','1','2026','VP');
  
INSERT INTO ADMIN.PROJECT_KHMO (MAHP,HK,NAM,MACT)
VALUES
  ('HP004','5','2026','CLC');
  
INSERT INTO ADMIN.PROJECT_KHMO (MAHP,HK,NAM,MACT)
VALUES
  ('HP014','1','2025','CTTT');
  
INSERT INTO ADMIN.PROJECT_KHMO (MAHP,HK,NAM,MACT)
VALUES
  ('HP005','1','2025','CTTT');
  
INSERT INTO ADMIN.PROJECT_KHMO (MAHP,HK,NAM,MACT)
VALUES
  ('HP025','9','2026','CTTT');
  
INSERT INTO ADMIN.PROJECT_KHMO (MAHP,HK,NAM,MACT)
VALUES
  ('HP009','1','2025','VP');
  
INSERT INTO ADMIN.PROJECT_KHMO (MAHP,HK,NAM,MACT)
VALUES
  ('HP024','9','2024','CLC');
  
INSERT INTO ADMIN.PROJECT_KHMO (MAHP,HK,NAM,MACT)
VALUES
  ('HP017','5','2025','VP');
  
INSERT INTO ADMIN.PROJECT_KHMO (MAHP,HK,NAM,MACT)
VALUES
  ('HP024','1','2024','CTTT');
  
INSERT INTO ADMIN.PROJECT_KHMO (MAHP,HK,NAM,MACT)
VALUES
  ('HP012','1','2026','CQ');
  
INSERT INTO ADMIN.PROJECT_KHMO (MAHP,HK,NAM,MACT)
VALUES
  ('HP004','9','2025','CTTT');
  
INSERT INTO ADMIN.PROJECT_KHMO (MAHP,HK,NAM,MACT)
VALUES
  ('HP025','5','2025','CTTT');
  
INSERT INTO ADMIN.PROJECT_KHMO (MAHP,HK,NAM,MACT)
VALUES
  ('HP029','9','2025','VP');
  
INSERT INTO ADMIN.PROJECT_KHMO (MAHP,HK,NAM,MACT)
VALUES
  ('HP004','1','2026','CLC');
  
INSERT INTO ADMIN.PROJECT_KHMO (MAHP,HK,NAM,MACT)
VALUES
  ('HP017','1','2026','CTTT');
  
INSERT INTO ADMIN.PROJECT_KHMO (MAHP,HK,NAM,MACT)
VALUES
  ('HP012','5','2024','CQ');
  
INSERT INTO ADMIN.PROJECT_KHMO (MAHP,HK,NAM,MACT)
VALUES
  ('HP004','5','2026','CTTT');
  
INSERT INTO ADMIN.PROJECT_KHMO (MAHP,HK,NAM,MACT)
VALUES
  ('HP023','5','2026','CQ');

INSERT INTO ADMIN.PROJECT_KHMO (MAHP,HK,NAM,MACT)
VALUES
  ('HP034','9','2026','VP');
  
INSERT INTO ADMIN.PROJECT_KHMO (MAHP,HK,NAM,MACT)
VALUES
  ('HP035','5','2026','VP');
  
INSERT INTO ADMIN.PROJECT_KHMO (MAHP,HK,NAM,MACT)
VALUES
  ('HP033','5','2025','CQ');
  
INSERT INTO ADMIN.PROJECT_KHMO (MAHP,HK,NAM,MACT)
VALUES
  ('HP032','5','2025','CLC');
  
INSERT INTO ADMIN.PROJECT_KHMO (MAHP,HK,NAM,MACT)
VALUES
  ('HP034','5','2026','VP');
  
INSERT INTO ADMIN.PROJECT_KHMO (MAHP,HK,NAM,MACT)
VALUES
  ('HP035','9','2024','VP');
  
INSERT INTO ADMIN.PROJECT_KHMO (MAHP,HK,NAM,MACT)
VALUES
  ('HP034','1','2026','CLC');
  
INSERT INTO ADMIN.PROJECT_KHMO (MAHP,HK,NAM,MACT)
VALUES
  ('HP035','5','2026','CLC');
  
INSERT INTO ADMIN.PROJECT_KHMO (MAHP,HK,NAM,MACT)
VALUES
  ('HP033','9','2024','CTTT');
  
INSERT INTO ADMIN.PROJECT_KHMO (MAHP,HK,NAM,MACT)
VALUES
  ('HP031','1','2026','VP');

INSERT INTO ADMIN.PROJECT_PHANCONG (MAGV,MAHP,HK, NAM, MACT)
VALUES
  ('NV011','HP007',	1,	2026	,'CQ');
  
INSERT INTO ADMIN.PROJECT_PHANCONG (MAGV,MAHP,HK, NAM, MACT)
VALUES
  ('NV019','HP007',	9,	2026,	'VP');
  
INSERT INTO ADMIN.PROJECT_PHANCONG (MAGV,MAHP,HK, NAM, MACT)
VALUES
  ('NV019','HP005',	5,	2026,	'VP');
  
INSERT INTO ADMIN.PROJECT_PHANCONG (MAGV,MAHP,HK, NAM, MACT)
VALUES
  ('NV019','HP007',	5	,2026	,'VP');
  
INSERT INTO ADMIN.PROJECT_PHANCONG (MAGV,MAHP,HK, NAM, MACT)
VALUES
  ('NV011','HP005',	1,	2025	,'CTTT');
  
INSERT INTO ADMIN.PROJECT_PHANCONG (MAGV,MAHP,HK, NAM, MACT)
VALUES
  ('NV019','HP005',	1,	2025	,'CTTT');
  
INSERT INTO ADMIN.PROJECT_PHANCONG (MAGV,MAHP,HK, NAM, MACT)
VALUES
  ('NV011','HP007',	1,	2026	,'CQ');
  
INSERT INTO ADMIN.PROJECT_PHANCONG (MAGV,MAHP,HK, NAM, MACT)
VALUES
  ('NV011','HP001',1,2024,'VP');
  
INSERT INTO ADMIN.PROJECT_PHANCONG (MAGV,MAHP,HK, NAM, MACT)
VALUES
  ('NV019','HP001',5,	2024	,'VP');
  
INSERT INTO ADMIN.PROJECT_PHANCONG (MAGV,MAHP,HK, NAM, MACT)
VALUES
  ('NV011','HP007',	5	,2026	,'VP');
  
INSERT INTO ADMIN.PROJECT_PHANCONG (MAGV,MAHP,HK, NAM, MACT)
VALUES
  ('NV011','HP007',	5,	2024,	'CQ');
  
INSERT INTO ADMIN.PROJECT_PHANCONG (MAGV,MAHP,HK, NAM, MACT)
VALUES
  ('NV019','HP007',	1,	2026,	'VP');
  
INSERT INTO ADMIN.PROJECT_PHANCONG (MAGV,MAHP,HK, NAM, MACT)
VALUES
  ('NV019','HP007',	9	,2026	,'CLC');
  
--DV003-------------------------------------------------------------------------
INSERT INTO ADMIN.PROJECT_PHANCONG (MAGV,MAHP,HK, NAM, MACT)
VALUES
  ('NV029','HP009',	1,	2025,	'VP');
  
INSERT INTO ADMIN.PROJECT_PHANCONG (MAGV,MAHP,HK, NAM, MACT)
VALUES
  ('NV009','HP006',	5,	2024,	'CTTT');
  
INSERT INTO ADMIN.PROJECT_PHANCONG (MAGV,MAHP,HK, NAM, MACT)
VALUES
  ('NV029','HP006'	,9	,2026,	'VP');
  
INSERT INTO ADMIN.PROJECT_PHANCONG (MAGV,MAHP,HK, NAM, MACT)
VALUES
  ('NV009','HP017',	9,	2026,	'CTTT');
  
INSERT INTO ADMIN.PROJECT_PHANCONG (MAGV,MAHP,HK, NAM, MACT)
VALUES
  ('NV029','HP017',	9,	2026,	'CTTT');
  
INSERT INTO ADMIN.PROJECT_PHANCONG (MAGV,MAHP,HK, NAM, MACT)
VALUES
  ('NV009','HP006',	1,	2024,	'VP');
  
INSERT INTO ADMIN.PROJECT_PHANCONG (MAGV,MAHP,HK, NAM, MACT)
VALUES
  ('NV029','HP010',	5	,2026,	'CLC');
  
INSERT INTO ADMIN.PROJECT_PHANCONG (MAGV,MAHP,HK, NAM, MACT)
VALUES
  ('NV029','HP023',	5,	2026,	'CQ');
  
INSERT INTO ADMIN.PROJECT_PHANCONG (MAGV,MAHP,HK, NAM, MACT)
VALUES
  ('NV009','HP010',	1	,2024	,'CTTT');
  
INSERT INTO ADMIN.PROJECT_PHANCONG (MAGV,MAHP,HK, NAM, MACT)
VALUES
  ('NV029','HP010',	5	,2026,	'CLC');
  
INSERT INTO ADMIN.PROJECT_PHANCONG (MAGV,MAHP,HK, NAM, MACT)
VALUES
  ('NV029','HP010',	5	,2026,	'CLC');
  
INSERT INTO ADMIN.PROJECT_PHANCONG (MAGV,MAHP,HK, NAM, MACT)
VALUES
  ('NV029','HP006',	1	,2024,	'VP');
  
INSERT INTO ADMIN.PROJECT_PHANCONG (MAGV,MAHP,HK, NAM, MACT)
VALUES
  ('NV009','HP023',	5,	2026,	'CQ');
  
INSERT INTO ADMIN.PROJECT_PHANCONG (MAGV,MAHP,HK, NAM, MACT)
VALUES
  ('NV009','HP006'	,9	,2026,	'VP');
  
INSERT INTO ADMIN.PROJECT_PHANCONG (MAGV,MAHP,HK, NAM, MACT)
VALUES
  ('NV009','HP023',	5,	2026,	'CQ');
  
INSERT INTO ADMIN.PROJECT_PHANCONG (MAGV,MAHP,HK, NAM, MACT)
VALUES
  ('NV029','HP010',	1,	2026,	'CQ');
  
INSERT INTO ADMIN.PROJECT_PHANCONG (MAGV,MAHP,HK, NAM, MACT)
VALUES
  ('NV029','HP009',	5,	2024,	'VP');
  
--DV004-------------------------------------------------------------------------
INSERT INTO ADMIN.PROJECT_PHANCONG (MAGV,MAHP,HK,NAM,MACT)
VALUES
  ('NV021','HP028',	9,	2025,	'VP');
  
INSERT INTO ADMIN.PROJECT_PHANCONG (MAGV,MAHP,HK, NAM, MACT)
VALUES
  ('NV021','HP011',	1	,2026,	'CTTT');
  
INSERT INTO ADMIN.PROJECT_PHANCONG (MAGV,MAHP,HK, NAM, MACT)
VALUES
  ('NV021','HP012',	1	,2026,	'CQ');
  
INSERT INTO ADMIN.PROJECT_PHANCONG (MAGV,MAHP,HK, NAM, MACT)
VALUES
  ('NV021','HP014',	1,	2024,	'CQ');
  
INSERT INTO ADMIN.PROJECT_PHANCONG (MAGV,MAHP,HK, NAM, MACT)
VALUES
  ('NV021','HP012',	1,	2026,	'VP');
  
INSERT INTO ADMIN.PROJECT_PHANCONG (MAGV,MAHP,HK, NAM, MACT)
VALUES
  ('NV021','HP014',	1,	2025,	'CTTT');
  
INSERT INTO ADMIN.PROJECT_PHANCONG (MAGV,MAHP,HK, NAM, MACT)
VALUES
  ('NV021','HP028',	5,	2026,	'CTTT');
  
INSERT INTO ADMIN.PROJECT_PHANCONG (MAGV,MAHP,HK, NAM, MACT)
VALUES
  ('NV021','HP012',	5,	2024,	'CQ');
  
INSERT INTO ADMIN.PROJECT_PHANCONG (MAGV,MAHP,HK, NAM, MACT)
VALUES
  ('NV021','HP028',	9,	2026,	'CQ');

--DV005-------------------------------------------------------------------------
INSERT INTO ADMIN.PROJECT_PHANCONG (MAGV,MAHP,HK, NAM, MACT)
VALUES
  ('NV028','HP004',	5,	2026,	'VP');
  
INSERT INTO ADMIN.PROJECT_PHANCONG (MAGV,MAHP,HK, NAM, MACT)
VALUES
  ('NV028','HP004',	9	,2025,	'CTTT');
  
INSERT INTO ADMIN.PROJECT_PHANCONG (MAGV,MAHP,HK, NAM, MACT)
VALUES
  ('NV028','HP004',	5,	2026,	'VP');
  
INSERT INTO ADMIN.PROJECT_PHANCONG (MAGV,MAHP,HK, NAM, MACT)
VALUES
  ('NV028','HP004',	5,	2026,	'CTTT');
  
INSERT INTO ADMIN.PROJECT_PHANCONG (MAGV,MAHP,HK, NAM, MACT)
VALUES
  ('NV028','HP004',	5,	2026,	'VP');
  
INSERT INTO ADMIN.PROJECT_PHANCONG (MAGV,MAHP,HK, NAM, MACT)
VALUES
  ('NV028','HP025',	1,	2024,	'CTTT');
  
INSERT INTO ADMIN.PROJECT_PHANCONG (MAGV,MAHP,HK, NAM, MACT)
VALUES
  ('NV028','HP008',	5,	2026,	'VP');
  
INSERT INTO ADMIN.PROJECT_PHANCONG (MAGV,MAHP,HK, NAM, MACT)
VALUES
  ('NV028','HP004',	5,	2026,	'VP');
  
INSERT INTO ADMIN.PROJECT_PHANCONG (MAGV,MAHP,HK, NAM, MACT)
VALUES
  ('NV028','HP025',	1,	2026,	'CLC');
  
INSERT INTO ADMIN.PROJECT_PHANCONG (MAGV,MAHP,HK, NAM, MACT)
VALUES
  ('NV028','HP008',	5,	2026,	'VP');
  
INSERT INTO ADMIN.PROJECT_PHANCONG (MAGV,MAHP,HK, NAM, MACT)
VALUES
  ('NV028','HP025',	9	,2026,	'CLC');
  
INSERT INTO ADMIN.PROJECT_PHANCONG (MAGV,MAHP,HK, NAM, MACT)
VALUES
  ('NV028','HP008',	9,	2026,	'CTTT');
  
INSERT INTO ADMIN.PROJECT_PHANCONG (MAGV,MAHP,HK, NAM, MACT)
VALUES
  ('NV028','HP008',	9,	2026,	'CTTT');
  
INSERT INTO ADMIN.PROJECT_PHANCONG (MAGV,MAHP,HK, NAM, MACT)
VALUES
  ('NV028','HP004',	5,	2024,	'CQ');
  
INSERT INTO ADMIN.PROJECT_PHANCONG (MAGV,MAHP,HK, NAM, MACT)
VALUES
  ('NV028','HP008',	5,	2026,	'VP');
  
INSERT INTO ADMIN.PROJECT_PHANCONG (MAGV,MAHP,HK, NAM, MACT)
VALUES
  ('NV028','HP008',	5,	2026,	'VP');
  
INSERT INTO ADMIN.PROJECT_PHANCONG (MAGV,MAHP,HK, NAM, MACT)
VALUES
  ('NV028','HP004',1,	2026,	'CLC');
  
INSERT INTO ADMIN.PROJECT_PHANCONG (MAGV,MAHP,HK, NAM, MACT)
VALUES
  ('NV028','HP025',	9,	2024,	'CLC');
  
INSERT INTO ADMIN.PROJECT_PHANCONG (MAGV,MAHP,HK, NAM, MACT)
VALUES
  ('NV028','HP004',	5,	2024,	'CQ');
  
INSERT INTO ADMIN.PROJECT_PHANCONG (MAGV,MAHP,HK, NAM, MACT)
VALUES
  ('NV028','HP025',	1,	2026,	'CLC');
  
INSERT INTO ADMIN.PROJECT_PHANCONG (MAGV,MAHP,HK, NAM, MACT)
VALUES
  ('NV028','HP025',	9,	2025,	'CQ');
  
INSERT INTO ADMIN.PROJECT_PHANCONG (MAGV,MAHP,HK, NAM, MACT)
VALUES
  ('NV028','HP003',	1,	2026,	'CQ');
  
INSERT INTO ADMIN.PROJECT_PHANCONG (MAGV,MAHP,HK, NAM, MACT)
VALUES
  ('NV028','HP025',	5,	2025,	'CTTT');
  
INSERT INTO ADMIN.PROJECT_PHANCONG (MAGV,MAHP,HK, NAM, MACT)
VALUES
  ('NV028','HP018',	9,	2024,	'VP');
  
INSERT INTO ADMIN.PROJECT_PHANCONG (MAGV,MAHP,HK, NAM, MACT)
VALUES
  ('NV028','HP018',	9,	2024,	'VP');
  
INSERT INTO ADMIN.PROJECT_PHANCONG (MAGV,MAHP,HK, NAM, MACT)
VALUES
  ('NV028','HP003',	1,	2026,	'CQ');
  
INSERT INTO ADMIN.PROJECT_PHANCONG (MAGV,MAHP,HK, NAM, MACT)
VALUES
  ('NV028','HP004',	5,	2026,	'CLC');
  
INSERT INTO ADMIN.PROJECT_PHANCONG (MAGV,MAHP,HK, NAM, MACT)
VALUES
  ('NV028','HP025',	1,	2026,	'CLC');
  
INSERT INTO ADMIN.PROJECT_PHANCONG (MAGV,MAHP,HK, NAM, MACT)
VALUES
  ('NV028','HP018',	1,	2025,	'CTTT');
  
INSERT INTO ADMIN.PROJECT_PHANCONG (MAGV,MAHP,HK, NAM, MACT)
VALUES
  ('NV028','HP025',	1,	2026,	'CLC');
  
INSERT INTO ADMIN.PROJECT_PHANCONG (MAGV,MAHP,HK, NAM, MACT)
VALUES
  ('NV028','HP004',	5,	2024,	'CQ');
  
INSERT INTO ADMIN.PROJECT_PHANCONG (MAGV,MAHP,HK, NAM, MACT)
VALUES
  ('NV028','HP008',	5,	2026,	'VP');
  
INSERT INTO ADMIN.PROJECT_PHANCONG (MAGV,MAHP,HK, NAM, MACT)
VALUES
  ('NV028','HP003',	1,	2026,	'CQ');
  
INSERT INTO ADMIN.PROJECT_PHANCONG (MAGV,MAHP,HK, NAM, MACT)
VALUES
  ('NV028','HP027',	5,	2024,	'CTTT');
  
INSERT INTO ADMIN.PROJECT_PHANCONG (MAGV,MAHP,HK, NAM, MACT)
VALUES
  ('NV028','HP004',	5,	2024,	'CQ');
  
--SINHVIEN-----------------------------------------------------------------------
INSERT INTO ADMIN.PROJECT_SINHVIEN (MASV,HOTEN,PHAI,NGSINH,DIACHI,DT,MACT,MANGANH,SOTCTL,DTBTL)
VALUES
  ('SV001','Linus Knowles','NAM','2002-08-01','Ap #201-2504 Faucibus Ave','067-269-1719','CTTT',0,116,8);
  
INSERT INTO ADMIN.PROJECT_SINHVIEN (MASV,HOTEN,PHAI,NGSINH,DIACHI,DT,MACT,MANGANH,SOTCTL,DTBTL)
VALUES
  ('SV002','Edward Buckley','NU','2001-09-20','Ap #467-8257 Consectetuer Av.','073-950-4081','CTTT',0,114,10);
  
INSERT INTO ADMIN.PROJECT_SINHVIEN (MASV,HOTEN,PHAI,NGSINH,DIACHI,DT,MACT,MANGANH,SOTCTL,DTBTL)
VALUES
  ('SV003','Erica Bridges','NU','2003-08-26','Ap #426-8223 Aliquam Av.','025-267-2196','CQ',0,22,6);
  
INSERT INTO ADMIN.PROJECT_SINHVIEN (MASV,HOTEN,PHAI,NGSINH,DIACHI,DT,MACT,MANGANH,SOTCTL,DTBTL)
VALUES
  ('SV004','Rajah Olson','NU','2001-05-25','P.O. Box 207, 665 Nascetur Street','081-906-5095','CLC',0,25,7);
  
INSERT INTO ADMIN.PROJECT_SINHVIEN (MASV,HOTEN,PHAI,NGSINH,DIACHI,DT,MACT,MANGANH,SOTCTL,DTBTL)
VALUES
  ('SV005','Lucy Ryan','NAM','2002-03-06','Ap #677-770 Est, St.','055-166-0671','VP',0,119,8);
  
INSERT INTO ADMIN.PROJECT_SINHVIEN (MASV,HOTEN,PHAI,NGSINH,DIACHI,DT,MACT,MANGANH,SOTCTL,DTBTL)
VALUES
  ('SV006','Inez Campos','NAM','2001-12-27','483-3723 Vulputate Rd.','014-081-8945','CTTT',0,13,8);
  
INSERT INTO ADMIN.PROJECT_SINHVIEN (MASV,HOTEN,PHAI,NGSINH,DIACHI,DT,MACT,MANGANH,SOTCTL,DTBTL)
VALUES
  ('SV007','Justine Ballard','NU','2004-03-20','P.O. Box 861, 2020 Dolor. Street','019-365-6268','CQ',0,58,3);
  
INSERT INTO ADMIN.PROJECT_SINHVIEN (MASV,HOTEN,PHAI,NGSINH,DIACHI,DT,MACT,MANGANH,SOTCTL,DTBTL)
VALUES
  ('SV008','Mark Clay','NAM','2002-03-23','P.O. Box 101, 9160 Neque Av.','041-531-5871','CTTT',0,43,3);
  
INSERT INTO ADMIN.PROJECT_SINHVIEN (MASV,HOTEN,PHAI,NGSINH,DIACHI,DT,MACT,MANGANH,SOTCTL,DTBTL)
VALUES
  ('SV009','Tiger Castillo','NAM','2002-05-05','Ap #163-1583 Lacus. Av.','040-156-9522','CLC',0,111,0);
  
INSERT INTO ADMIN.PROJECT_SINHVIEN (MASV,HOTEN,PHAI,NGSINH,DIACHI,DT,MACT,MANGANH,SOTCTL,DTBTL)
VALUES
  ('SV010','Kyra Hebert','NAM','2002-01-20','Ap #482-8241 Vulputate Road','005-405-4579','CLC',0,45,6);
  
INSERT INTO ADMIN.PROJECT_SINHVIEN (MASV,HOTEN,PHAI,NGSINH,DIACHI,DT,MACT,MANGANH,SOTCTL,DTBTL)
VALUES
  ('SV011','Ella Curry','NAM','2001-05-12','P.O. Box 849, 2416 Egestas. Rd.','006-977-1022','CTTT',0,45,8);
  
INSERT INTO ADMIN.PROJECT_SINHVIEN (MASV,HOTEN,PHAI,NGSINH,DIACHI,DT,MACT,MANGANH,SOTCTL,DTBTL)
VALUES
  ('SV012','Faith Craft','NU','2003-05-01','P.O. Box 861, 3217 Phasellus St.','031-955-0355','CQ',0,21,1);
  
INSERT INTO ADMIN.PROJECT_SINHVIEN (MASV,HOTEN,PHAI,NGSINH,DIACHI,DT,MACT,MANGANH,SOTCTL,DTBTL)
VALUES
  ('SV013','Bree Perez','NU','2002-05-07','631-2426 Egestas, St.','037-785-1024','VP',0,71,3);
  
INSERT INTO ADMIN.PROJECT_SINHVIEN (MASV,HOTEN,PHAI,NGSINH,DIACHI,DT,MACT,MANGANH,SOTCTL,DTBTL)
VALUES
  ('SV014','Blythe Ellison','NU','2003-05-30','362-1616 Eleifend St.','025-736-8714','VP',0,21,4);
  
INSERT INTO ADMIN.PROJECT_SINHVIEN (MASV,HOTEN,PHAI,NGSINH,DIACHI,DT,MACT,MANGANH,SOTCTL,DTBTL)
VALUES
  ('SV015','Tamekah Pratt','NAM','2003-03-12','367-2253 Litora Ave','064-283-4188','CQ',0,61,6);
  
INSERT INTO ADMIN.PROJECT_SINHVIEN (MASV,HOTEN,PHAI,NGSINH,DIACHI,DT,MACT,MANGANH,SOTCTL,DTBTL)
VALUES
  ('SV016','Germane Stevens','NAM','2004-01-07','686-4851 Leo. Rd.','037-142-2270','CTTT',0,49,9);
  
INSERT INTO ADMIN.PROJECT_SINHVIEN (MASV,HOTEN,PHAI,NGSINH,DIACHI,DT,MACT,MANGANH,SOTCTL,DTBTL)
VALUES
  ('SV017','Chester Hayden','NU','2004-10-19','P.O. Box 678, 1646 Duis St.','024-483-1182','CLC',0,64,9);
  
INSERT INTO ADMIN.PROJECT_SINHVIEN (MASV,HOTEN,PHAI,NGSINH,DIACHI,DT,MACT,MANGANH,SOTCTL,DTBTL)
VALUES
  ('SV018','Sydnee Alford','NAM','2002-09-07','639-6660 Donec St.','001-460-4814','CLC',0,49,8);
  
INSERT INTO ADMIN.PROJECT_SINHVIEN (MASV,HOTEN,PHAI,NGSINH,DIACHI,DT,MACT,MANGANH,SOTCTL,DTBTL)
VALUES
  ('SV019','Tanner Cummings','NU','2004-06-24','1524 Mauris, St.','025-661-0686','CLC',0,24,2);
  
INSERT INTO ADMIN.PROJECT_SINHVIEN (MASV,HOTEN,PHAI,NGSINH,DIACHI,DT,MACT,MANGANH,SOTCTL,DTBTL)
VALUES
  ('SV020','Zeus Paul','NAM','2001-06-02','Ap #934-4610 Non Rd.','048-941-4365','CQ',0,63,3);

--DANGKI CQ---------------------------------------------------------------------
INSERT INTO ADMIN.PROJECT_DANGKI (MASV,MAGV,MAHP,HK,NAM, MACT,DIEMTH,DIEMQT,DIEMCK,DIEMTK)
VALUES
  ('SV007','NV028','HP004','5','2024','CQ',6,9,6,3);
  
INSERT INTO ADMIN.PROJECT_DANGKI (MASV,MAGV,MAHP,HK, NAM, MACT,DIEMTH,DIEMQT,DIEMCK,DIEMTK)
VALUES
  ('SV012','NV009','HP023','5','2026','CQ',6,1,1,6);
  
INSERT INTO ADMIN.PROJECT_DANGKI (MASV,MAGV,MAHP,HK, NAM, MACT,DIEMTH,DIEMQT,DIEMCK,DIEMTK)
VALUES
  ('SV012','NV021','HP012','1','2026','CQ',6,10,5,8);
  
INSERT INTO ADMIN.PROJECT_DANGKI (MASV,MAGV,MAHP,HK, NAM, MACT,DIEMTH,DIEMQT,DIEMCK,DIEMTK)
VALUES
  ('SV015','NV029','HP010','1','2026','CQ',1,10,2,6);
  
INSERT INTO ADMIN.PROJECT_DANGKI (MASV,MAGV,MAHP,HK, NAM, MACT,DIEMTH,DIEMQT,DIEMCK,DIEMTK)
VALUES
  ('SV012','NV009','HP023','5','2026','CQ',7,3,9,4);
  
INSERT INTO ADMIN.PROJECT_DANGKI (MASV,MAGV,MAHP,HK, NAM, MACT,DIEMTH,DIEMQT,DIEMCK,DIEMTK)
VALUES
  ('SV003','NV021','HP012','1','2026','CQ',8,10,9,8);
  
INSERT INTO ADMIN.PROJECT_DANGKI (MASV,MAGV,MAHP,HK, NAM, MACT,DIEMTH,DIEMQT,DIEMCK,DIEMTK)
VALUES
  ('SV012','NV029','HP023','5','2026','CQ',9,6,0,7);
  
INSERT INTO ADMIN.PROJECT_DANGKI (MASV,MAGV,MAHP,HK, NAM, MACT,DIEMTH,DIEMQT,DIEMCK,DIEMTK)
VALUES
  ('SV015','NV021','HP012','5','2024','CQ',3,0,2,1);
  
INSERT INTO ADMIN.PROJECT_DANGKI (MASV,MAGV,MAHP,HK, NAM, MACT,DIEMTH,DIEMQT,DIEMCK,DIEMTK)
VALUES
  ('SV015','NV021','HP012','1','2026','CQ',4,1,4,10);
  
INSERT INTO ADMIN.PROJECT_DANGKI (MASV,MAGV,MAHP,HK, NAM, MACT,DIEMTH,DIEMQT,DIEMCK,DIEMTK)
VALUES
  ('SV007','NV029','HP023','5','2026','CQ',9,9,2,1);
  
INSERT INTO ADMIN.PROJECT_DANGKI (MASV,MAGV,MAHP,HK, NAM, MACT,DIEMTH,DIEMQT,DIEMCK,DIEMTK)
VALUES
  ('SV007','NV021','HP012','1','2026','CQ',0,6,3,0);
  
INSERT INTO ADMIN.PROJECT_DANGKI (MASV,MAGV,MAHP,HK, NAM, MACT,DIEMTH,DIEMQT,DIEMCK,DIEMTK)
VALUES
  ('SV012','NV021','HP014','1','2024','CQ',9,5,8,8);
  
INSERT INTO ADMIN.PROJECT_DANGKI (MASV,MAGV,MAHP,HK, NAM, MACT,DIEMTH,DIEMQT,DIEMCK,DIEMTK)
VALUES
  ('SV012','NV009','HP023','5','2026','CQ',8,2,9,7);
  
INSERT INTO ADMIN.PROJECT_DANGKI (MASV,MAGV,MAHP,HK, NAM, MACT,DIEMTH,DIEMQT,DIEMCK,DIEMTK)
VALUES
  ('SV015','NV011','HP007','5','2024','CQ',10,4,3,1);
  
INSERT INTO ADMIN.PROJECT_DANGKI (MASV,MAGV,MAHP,HK, NAM, MACT,DIEMTH,DIEMQT,DIEMCK,DIEMTK)
VALUES
  ('SV015','NV028','HP025','9','2025','CQ',3,1,1,1);
  
INSERT INTO ADMIN.PROJECT_DANGKI (MASV,MAGV,MAHP,HK, NAM, MACT,DIEMTH,DIEMQT,DIEMCK,DIEMTK)
VALUES
  ('SV015','NV011','HP007','5','2024','CQ',6,4,4,6);
  
INSERT INTO ADMIN.PROJECT_DANGKI (MASV,MAGV,MAHP,HK, NAM, MACT,DIEMTH,DIEMQT,DIEMCK,DIEMTK)
VALUES
  ('SV012','NV009','HP023','5','2026','CQ',3,9,3,5);
  
INSERT INTO ADMIN.PROJECT_DANGKI (MASV,MAGV,MAHP,HK, NAM, MACT,DIEMTH,DIEMQT,DIEMCK,DIEMTK)
VALUES
  ('SV012','NV021','HP012','1','2026','CQ',2,5,9,3);
  
INSERT INTO ADMIN.PROJECT_DANGKI (MASV,MAGV,MAHP,HK, NAM, MACT,DIEMTH,DIEMQT,DIEMCK,DIEMTK)
VALUES
  ('SV012','NV028','HP003','1','2026','CQ',4,1,2,10);
  
INSERT INTO ADMIN.PROJECT_DANGKI (MASV,MAGV,MAHP,HK, NAM, MACT,DIEMTH,DIEMQT,DIEMCK,DIEMTK)
VALUES
  ('SV012','NV028','HP003','1','2026','CQ',8,0,5,3);
  
INSERT INTO ADMIN.PROJECT_DANGKI (MASV,MAGV,MAHP,HK, NAM, MACT,DIEMTH,DIEMQT,DIEMCK,DIEMTK)
VALUES
  ('SV003','NV009','HP023','5','2026','CQ',5,9,2,4);
  
INSERT INTO ADMIN.PROJECT_DANGKI (MASV,MAGV,MAHP,HK, NAM, MACT,DIEMTH,DIEMQT,DIEMCK,DIEMTK)
VALUES
  ('SV012','NV009','HP023','5','2026','CQ',9,9,8,3);
  
INSERT INTO ADMIN.PROJECT_DANGKI (MASV,MAGV,MAHP,HK, NAM, MACT,DIEMTH,DIEMQT,DIEMCK,DIEMTK)
VALUES
  ('SV003','NV021','HP014','1','2024','CQ',5,2,4,8);
  
INSERT INTO ADMIN.PROJECT_DANGKI (MASV,MAGV,MAHP,HK, NAM, MACT,DIEMTH,DIEMQT,DIEMCK,DIEMTK)
VALUES
  ('SV012','NV011','HP007','5','2024','CQ',1,3,3,4);
  
INSERT INTO ADMIN.PROJECT_DANGKI (MASV,MAGV,MAHP,HK, NAM, MACT,DIEMTH,DIEMQT,DIEMCK,DIEMTK)
VALUES
  ('SV020','NV029','HP023','5','2026','CQ',1,9,1,9);
  
INSERT INTO ADMIN.PROJECT_DANGKI (MASV,MAGV,MAHP,HK, NAM, MACT,DIEMTH,DIEMQT,DIEMCK,DIEMTK)
VALUES
  ('SV007','NV028','HP025','9','2025','CQ',9,6,3,10);
  
INSERT INTO ADMIN.PROJECT_DANGKI (MASV,MAGV,MAHP,HK, NAM, MACT,DIEMTH,DIEMQT,DIEMCK,DIEMTK)
VALUES
  ('SV020','NV011','HP007','5','2024','CQ',5,1,7,6);
  
INSERT INTO ADMIN.PROJECT_DANGKI (MASV,MAGV,MAHP,HK, NAM, MACT,DIEMTH,DIEMQT,DIEMCK,DIEMTK)
VALUES
  ('SV003','NV011','HP007','5','2024','CQ',7,5,3,2);
  
INSERT INTO ADMIN.PROJECT_DANGKI (MASV,MAGV,MAHP,HK, NAM, MACT,DIEMTH,DIEMQT,DIEMCK,DIEMTK)
VALUES
  ('SV007','NV011','HP007','1','2026','CQ',7,1,6,6);
  
INSERT INTO ADMIN.PROJECT_DANGKI (MASV,MAGV,MAHP,HK, NAM, MACT,DIEMTH,DIEMQT,DIEMCK,DIEMTK)
VALUES
  ('SV015','NV029','HP023','5','2026','CQ',1,5,1,3);
  
INSERT INTO ADMIN.PROJECT_DANGKI (MASV,MAGV,MAHP,HK, NAM, MACT,DIEMTH,DIEMQT,DIEMCK,DIEMTK)
VALUES
  ('SV003','NV021','HP012','1','2026','CQ',4,4,1,5);
  
INSERT INTO ADMIN.PROJECT_DANGKI (MASV,MAGV,MAHP,HK, NAM, MACT,DIEMTH,DIEMQT,DIEMCK,DIEMTK)
VALUES
  ('SV003','NV028','HP004','5','2024','CQ',8,1,0,1);
  
INSERT INTO ADMIN.PROJECT_DANGKI (MASV,MAGV,MAHP,HK, NAM, MACT,DIEMTH,DIEMQT,DIEMCK,DIEMTK)
VALUES
  ('SV003','NV028','HP025','9','2025','CQ',9,10,2,3);
  
INSERT INTO ADMIN.PROJECT_DANGKI (MASV,MAGV,MAHP,HK, NAM, MACT,DIEMTH,DIEMQT,DIEMCK,DIEMTK)
VALUES
  ('SV012','NV021','HP028','9','2026','CQ',5,8,8,1);
  
INSERT INTO ADMIN.PROJECT_DANGKI (MASV,MAGV,MAHP,HK, NAM, MACT,DIEMTH,DIEMQT,DIEMCK,DIEMTK)
VALUES
  ('SV012','NV009','HP023','5','2026','CQ',1,6,7,1);
  
INSERT INTO ADMIN.PROJECT_DANGKI (MASV,MAGV,MAHP,HK, NAM, MACT,DIEMTH,DIEMQT,DIEMCK,DIEMTK)
VALUES
  ('SV012','NV021','HP014','1','2024','CQ',3,4,6,8);
  
INSERT INTO ADMIN.PROJECT_DANGKI (MASV,MAGV,MAHP,HK, NAM, MACT,DIEMTH,DIEMQT,DIEMCK,DIEMTK)
VALUES
  ('SV007','NV029','HP023','5','2026','CQ',10,10,5,7);
  
INSERT INTO ADMIN.PROJECT_DANGKI (MASV,MAGV,MAHP,HK, NAM, MACT,DIEMTH,DIEMQT,DIEMCK,DIEMTK)
VALUES
  ('SV015','NV009','HP023','5','2026','CQ',8,9,1,3);
  
INSERT INTO ADMIN.PROJECT_DANGKI (MASV,MAGV,MAHP,HK, NAM, MACT,DIEMTH,DIEMQT,DIEMCK,DIEMTK)
VALUES
  ('SV007','NV011','HP007','5','2024','CQ',0,5,2,0);
  
INSERT INTO ADMIN.PROJECT_DANGKI (MASV,MAGV,MAHP,HK, NAM, MACT,DIEMTH,DIEMQT,DIEMCK,DIEMTK)
VALUES
  ('SV007','NV021','HP012','1','2026','CQ',6,10,4,7);
  
INSERT INTO ADMIN.PROJECT_DANGKI (MASV,MAGV,MAHP,HK, NAM, MACT,DIEMTH,DIEMQT,DIEMCK,DIEMTK)
VALUES
  ('SV003','NV009','HP023','5','2026','CQ',7,9,6,7);
  
INSERT INTO ADMIN.PROJECT_DANGKI (MASV,MAGV,MAHP,HK, NAM, MACT,DIEMTH,DIEMQT,DIEMCK,DIEMTK)
VALUES
  ('SV007','NV028','HP004','5','2024','CQ',1,7,8,1);
  
INSERT INTO ADMIN.PROJECT_DANGKI (MASV,MAGV,MAHP,HK, NAM, MACT,DIEMTH,DIEMQT,DIEMCK,DIEMTK)
VALUES
  ('SV007','NV029','HP010','1','2026','CQ',3,3,6,3);
  
INSERT INTO ADMIN.PROJECT_DANGKI (MASV,MAGV,MAHP,HK, NAM, MACT,DIEMTH,DIEMQT,DIEMCK,DIEMTK)
VALUES
  ('SV020','NV028','HP004','5','2024','CQ',3,4,7,9);
  
INSERT INTO ADMIN.PROJECT_DANGKI (MASV,MAGV,MAHP,HK, NAM, MACT,DIEMTH,DIEMQT,DIEMCK,DIEMTK)
VALUES
  ('SV012','NV009','HP023','5','2026','CQ',4,2,6,4);
  
INSERT INTO ADMIN.PROJECT_DANGKI (MASV,MAGV,MAHP,HK, NAM, MACT,DIEMTH,DIEMQT,DIEMCK,DIEMTK)
VALUES
  ('SV015','NV021','HP028','9','2026','CQ',2,5,5,5);
  
INSERT INTO ADMIN.PROJECT_DANGKI (MASV,MAGV,MAHP,HK, NAM, MACT,DIEMTH,DIEMQT,DIEMCK,DIEMTK)
VALUES
  ('SV012','NV029','HP010','1','2026','CQ',10,9,3,10);
  
INSERT INTO ADMIN.PROJECT_DANGKI (MASV,MAGV,MAHP,HK, NAM, MACT,DIEMTH,DIEMQT,DIEMCK,DIEMTK)
VALUES
  ('SV020','NV011','HP007','5','2024','CQ',9,2,4,2);
  
INSERT INTO ADMIN.PROJECT_DANGKI (MASV,MAGV,MAHP,HK, NAM, MACT,DIEMTH,DIEMQT,DIEMCK,DIEMTK)
VALUES
  ('SV007','NV009','HP023','5','2026','CQ',5,9,1,7);
  
INSERT INTO ADMIN.PROJECT_DANGKI (MASV,MAGV,MAHP,HK, NAM, MACT,DIEMTH,DIEMQT,DIEMCK,DIEMTK)
VALUES
  ('SV020','NV028','HP025','9','2025','CQ',9,10,9,8);

--DANGKI CLC--------------------------------------------------------------------
INSERT INTO ADMIN.PROJECT_DANGKI (MASV,MAGV,MAHP,HK, NAM, MACT,DIEMTH,DIEMQT,DIEMCK,DIEMTK)
VALUES
  ('SV004','NV028','HP004','5','2026','CLC',6,8,1,5);
  
INSERT INTO ADMIN.PROJECT_DANGKI (MASV,MAGV,MAHP,HK, NAM, MACT,DIEMTH,DIEMQT,DIEMCK,DIEMTK)
VALUES
  ('SV009','NV028','HP025','1','2026','CLC',5,8,7,9);
  
INSERT INTO ADMIN.PROJECT_DANGKI (MASV,MAGV,MAHP,HK, NAM, MACT,DIEMTH,DIEMQT,DIEMCK,DIEMTK)
VALUES
  ('SV009','NV019','HP007','9','2026','CLC',10,10,1,6);
  
INSERT INTO ADMIN.PROJECT_DANGKI (MASV,MAGV,MAHP,HK, NAM, MACT,DIEMTH,DIEMQT,DIEMCK,DIEMTK)
VALUES
  ('SV009','NV028','HP004','5','2026','CLC',1,0,3,6);
  
INSERT INTO ADMIN.PROJECT_DANGKI (MASV,MAGV,MAHP,HK, NAM, MACT,DIEMTH,DIEMQT,DIEMCK,DIEMTK)
VALUES
  ('SV010','NV028','HP004','1','2026','CLC',3,2,3,6);
  
INSERT INTO ADMIN.PROJECT_DANGKI (MASV,MAGV,MAHP,HK, NAM, MACT,DIEMTH,DIEMQT,DIEMCK,DIEMTK)
VALUES
  ('SV019','NV019','HP007','9','2026','CLC',5,8,5,9);
  
INSERT INTO ADMIN.PROJECT_DANGKI (MASV,MAGV,MAHP,HK, NAM, MACT,DIEMTH,DIEMQT,DIEMCK,DIEMTK)
VALUES
  ('SV018','NV029','HP010','5','2026','CLC',4,5,4,1);
  
INSERT INTO ADMIN.PROJECT_DANGKI (MASV,MAGV,MAHP,HK, NAM, MACT,DIEMTH,DIEMQT,DIEMCK,DIEMTK)
VALUES
  ('SV017','NV028','HP025','1','2026','CLC',2,7,0,3);
  
INSERT INTO ADMIN.PROJECT_DANGKI (MASV,MAGV,MAHP,HK, NAM, MACT,DIEMTH,DIEMQT,DIEMCK,DIEMTK)
VALUES
  ('SV010','NV029','HP010','5','2026','CLC',6,7,7,8);
  
INSERT INTO ADMIN.PROJECT_DANGKI (MASV,MAGV,MAHP,HK, NAM, MACT,DIEMTH,DIEMQT,DIEMCK,DIEMTK)
VALUES
  ('SV009','NV029','HP010','5','2026','CLC',7,2,5,4);
  
INSERT INTO ADMIN.PROJECT_DANGKI (MASV,MAGV,MAHP,HK, NAM, MACT,DIEMTH,DIEMQT,DIEMCK,DIEMTK)
VALUES
  ('SV019','NV028','HP004','5','2026','CLC',2,9,2,4);
  
INSERT INTO ADMIN.PROJECT_DANGKI (MASV,MAGV,MAHP,HK, NAM, MACT,DIEMTH,DIEMQT,DIEMCK,DIEMTK)
VALUES
  ('SV018','NV028','HP004','1','2026','CLC',5,1,9,1);
  
INSERT INTO ADMIN.PROJECT_DANGKI (MASV,MAGV,MAHP,HK, NAM, MACT,DIEMTH,DIEMQT,DIEMCK,DIEMTK)
VALUES
  ('SV017','NV028','HP025','9','2024','CLC',8,9,7,9);
  
INSERT INTO ADMIN.PROJECT_DANGKI (MASV,MAGV,MAHP,HK, NAM, MACT,DIEMTH,DIEMQT,DIEMCK,DIEMTK)
VALUES
  ('SV017','NV028','HP025','9','2024','CLC',7,5,2,1);
  
INSERT INTO ADMIN.PROJECT_DANGKI (MASV,MAGV,MAHP,HK, NAM, MACT,DIEMTH,DIEMQT,DIEMCK,DIEMTK)
VALUES
  ('SV009','NV028','HP025','9','2024','CLC',5,2,1,7);
  
INSERT INTO ADMIN.PROJECT_DANGKI (MASV,MAGV,MAHP,HK, NAM, MACT,DIEMTH,DIEMQT,DIEMCK,DIEMTK)
VALUES
  ('SV009','NV019','HP007','9','2026','CLC',0,6,7,10);
  
INSERT INTO ADMIN.PROJECT_DANGKI (MASV,MAGV,MAHP,HK, NAM, MACT,DIEMTH,DIEMQT,DIEMCK,DIEMTK)
VALUES
  ('SV018','NV029','HP010','5','2026','CLC',9,8,4,4);
  
INSERT INTO ADMIN.PROJECT_DANGKI (MASV,MAGV,MAHP,HK, NAM, MACT,DIEMTH,DIEMQT,DIEMCK,DIEMTK)
VALUES
  ('SV019','NV028','HP025','1','2026','CLC',4,1,7,9);
  
INSERT INTO ADMIN.PROJECT_DANGKI (MASV,MAGV,MAHP,HK, NAM, MACT,DIEMTH,DIEMQT,DIEMCK,DIEMTK)
VALUES
  ('SV018','NV028','HP025','9','2026','CLC',4,4,4,3);
  
INSERT INTO ADMIN.PROJECT_DANGKI (MASV,MAGV,MAHP,HK, NAM, MACT,DIEMTH,DIEMQT,DIEMCK,DIEMTK)
VALUES
  ('SV010','NV029','HP010','5','2026','CLC',7,3,2,3);
  
INSERT INTO ADMIN.PROJECT_DANGKI (MASV,MAGV,MAHP,HK, NAM, MACT,DIEMTH,DIEMQT,DIEMCK,DIEMTK)
VALUES
  ('SV019','NV029','HP010','5','2026','CLC',6,9,7,5);
  
INSERT INTO ADMIN.PROJECT_DANGKI (MASV,MAGV,MAHP,HK, NAM, MACT,DIEMTH,DIEMQT,DIEMCK,DIEMTK)
VALUES
  ('SV004','NV019','HP007','9','2026','CLC',3,4,4,6);
  
INSERT INTO ADMIN.PROJECT_DANGKI (MASV,MAGV,MAHP,HK, NAM, MACT,DIEMTH,DIEMQT,DIEMCK,DIEMTK)
VALUES
  ('SV019','NV028','HP025','9','2026','CLC',2,10,5,6);
  
INSERT INTO ADMIN.PROJECT_DANGKI (MASV,MAGV,MAHP,HK, NAM, MACT,DIEMTH,DIEMQT,DIEMCK,DIEMTK)
VALUES
  ('SV019','NV029','HP010','5','2026','CLC',8,6,4,5);
  
INSERT INTO ADMIN.PROJECT_DANGKI (MASV,MAGV,MAHP,HK, NAM, MACT,DIEMTH,DIEMQT,DIEMCK,DIEMTK)
VALUES
  ('SV004','NV029','HP010','5','2026','CLC',8,3,7,8);
  
INSERT INTO ADMIN.PROJECT_DANGKI (MASV,MAGV,MAHP,HK, NAM, MACT,DIEMTH,DIEMQT,DIEMCK,DIEMTK)
VALUES
  ('SV018','NV028','HP004','5','2026','CLC',9,6,3,10);
  
INSERT INTO ADMIN.PROJECT_DANGKI (MASV,MAGV,MAHP,HK, NAM, MACT,DIEMTH,DIEMQT,DIEMCK,DIEMTK)
VALUES
  ('SV018','NV028','HP025','9','2026','CLC',9,2,9,10);
  
INSERT INTO ADMIN.PROJECT_DANGKI (MASV,MAGV,MAHP,HK, NAM, MACT,DIEMTH,DIEMQT,DIEMCK,DIEMTK)
VALUES
  ('SV017','NV029','HP010','5','2026','CLC',5,4,2,3);
  
INSERT INTO ADMIN.PROJECT_DANGKI (MASV,MAGV,MAHP,HK, NAM, MACT,DIEMTH,DIEMQT,DIEMCK,DIEMTK)
VALUES
  ('SV018','NV019','HP007','9','2026','CLC',5,7,10,0);
  
INSERT INTO ADMIN.PROJECT_DANGKI (MASV,MAGV,MAHP,HK, NAM, MACT,DIEMTH,DIEMQT,DIEMCK,DIEMTK)
VALUES
  ('SV004','NV019','HP007','9','2026','CLC',8,8,1,9);
  
INSERT INTO ADMIN.PROJECT_DANGKI (MASV,MAGV,MAHP,HK, NAM, MACT,DIEMTH,DIEMQT,DIEMCK,DIEMTK)
VALUES
  ('SV004','NV028','HP025','9','2026','CLC',4,2,5,4);
  
INSERT INTO ADMIN.PROJECT_DANGKI (MASV,MAGV,MAHP,HK, NAM, MACT,DIEMTH,DIEMQT,DIEMCK,DIEMTK)
VALUES
  ('SV004','NV028','HP025','9','2024','CLC',2,6,8,5);
  
INSERT INTO ADMIN.PROJECT_DANGKI (MASV,MAGV,MAHP,HK, NAM, MACT,DIEMTH,DIEMQT,DIEMCK,DIEMTK)
VALUES
  ('SV019','NV019','HP007','9','2026','CLC',7,0,9,9);
  
INSERT INTO ADMIN.PROJECT_DANGKI (MASV,MAGV,MAHP,HK, NAM, MACT,DIEMTH,DIEMQT,DIEMCK,DIEMTK)
VALUES
  ('SV019','NV029','HP010','5','2026','CLC',9,6,10,1);
  
INSERT INTO ADMIN.PROJECT_DANGKI (MASV,MAGV,MAHP,HK, NAM, MACT,DIEMTH,DIEMQT,DIEMCK,DIEMTK)
VALUES
  ('SV010','NV028','HP025','9','2024','CLC',2,4,8,8);
  
INSERT INTO ADMIN.PROJECT_DANGKI (MASV,MAGV,MAHP,HK, NAM, MACT,DIEMTH,DIEMQT,DIEMCK,DIEMTK)
VALUES
  ('SV017','NV028','HP025','1','2026','CLC',1,6,3,4);
  
INSERT INTO ADMIN.PROJECT_DANGKI (MASV,MAGV,MAHP,HK, NAM, MACT,DIEMTH,DIEMQT,DIEMCK,DIEMTK)
VALUES
  ('SV009','NV028','HP004','1','2026','CLC',6,1,1,8);
  
INSERT INTO ADMIN.PROJECT_DANGKI (MASV,MAGV,MAHP,HK, NAM, MACT,DIEMTH,DIEMQT,DIEMCK,DIEMTK)
VALUES
  ('SV010','NV028','HP025','1','2026','CLC',6,0,9,0);
  
INSERT INTO ADMIN.PROJECT_DANGKI (MASV,MAGV,MAHP,HK, NAM, MACT,DIEMTH,DIEMQT,DIEMCK,DIEMTK)
VALUES
  ('SV010','NV019','HP007','9','2026','CLC',1,4,5,0);
  
INSERT INTO ADMIN.PROJECT_DANGKI (MASV,MAGV,MAHP,HK, NAM, MACT,DIEMTH,DIEMQT,DIEMCK,DIEMTK)
VALUES
  ('SV004','NV028','HP004','1','2026','CLC',7,7,4,7);
  
INSERT INTO ADMIN.PROJECT_DANGKI (MASV,MAGV,MAHP,HK, NAM, MACT,DIEMTH,DIEMQT,DIEMCK,DIEMTK)
VALUES
  ('SV018','NV019','HP007','9','2026','CLC',2,1,7,2);
  
INSERT INTO ADMIN.PROJECT_DANGKI (MASV,MAGV,MAHP,HK, NAM, MACT,DIEMTH,DIEMQT,DIEMCK,DIEMTK)
VALUES
  ('SV009','NV019','HP007','9','2026','CLC',3,9,1,3);
  
INSERT INTO ADMIN.PROJECT_DANGKI (MASV,MAGV,MAHP,HK, NAM, MACT,DIEMTH,DIEMQT,DIEMCK,DIEMTK)
VALUES
  ('SV018','NV019','HP007','9','2026','CLC',9,9,1,7);
  
INSERT INTO ADMIN.PROJECT_DANGKI (MASV,MAGV,MAHP,HK, NAM, MACT,DIEMTH,DIEMQT,DIEMCK,DIEMTK)
VALUES
  ('SV019','NV028','HP025','9','2026','CLC',4,4,0,1);
  
INSERT INTO ADMIN.PROJECT_DANGKI (MASV,MAGV,MAHP,HK, NAM, MACT,DIEMTH,DIEMQT,DIEMCK,DIEMTK)
VALUES
  ('SV017','NV028','HP004','5','2026','CLC',6,3,8,4);
  
INSERT INTO ADMIN.PROJECT_DANGKI (MASV,MAGV,MAHP,HK, NAM, MACT,DIEMTH,DIEMQT,DIEMCK,DIEMTK)
VALUES
  ('SV009','NV028','HP004','1','2026','CLC',1,1,8,0);
  
INSERT INTO ADMIN.PROJECT_DANGKI (MASV,MAGV,MAHP,HK, NAM, MACT,DIEMTH,DIEMQT,DIEMCK,DIEMTK)
VALUES
  ('SV019','NV029','HP010','5','2026','CLC',2,7,4,4);
  
INSERT INTO ADMIN.PROJECT_DANGKI (MASV,MAGV,MAHP,HK, NAM, MACT,DIEMTH,DIEMQT,DIEMCK,DIEMTK)
VALUES
  ('SV018','NV028','HP004','5','2026','CLC',6,5,10,0);
  
INSERT INTO ADMIN.PROJECT_DANGKI (MASV,MAGV,MAHP,HK, NAM, MACT,DIEMTH,DIEMQT,DIEMCK,DIEMTK)
VALUES
  ('SV004','NV019','HP007','9','2026','CLC',5,2,2,7);
  
INSERT INTO ADMIN.PROJECT_DANGKI (MASV,MAGV,MAHP,HK, NAM, MACT,DIEMTH,DIEMQT,DIEMCK,DIEMTK)
VALUES
  ('SV019','NV028','HP004','5','2026','CLC',3,4,1,7);

--DANGKI VP---------------------------------------------------------------------
INSERT INTO ADMIN.PROJECT_DANGKI (MASV,MAGV,MAHP,HK, NAM, MACT,DIEMTH,DIEMQT,DIEMCK,DIEMTK)
VALUES
  ('SV014','NV009','HP006','9','2026','VP',5,1,5,6);
  
INSERT INTO ADMIN.PROJECT_DANGKI (MASV,MAGV,MAHP,HK, NAM, MACT,DIEMTH,DIEMQT,DIEMCK,DIEMTK)
VALUES
  ('SV005','NV021','HP028','9','2025','VP',9,8,3,8);
  
INSERT INTO ADMIN.PROJECT_DANGKI (MASV,MAGV,MAHP,HK, NAM, MACT,DIEMTH,DIEMQT,DIEMCK,DIEMTK)
VALUES
  ('SV014','NV029','HP006','1','2024','VP',5,9,10,4);
  
INSERT INTO ADMIN.PROJECT_DANGKI (MASV,MAGV,MAHP,HK, NAM, MACT,DIEMTH,DIEMQT,DIEMCK,DIEMTK)
VALUES
  ('SV013','NV029','HP009','5','2024','VP',9,5,8,3);
  
INSERT INTO ADMIN.PROJECT_DANGKI (MASV,MAGV,MAHP,HK, NAM, MACT,DIEMTH,DIEMQT,DIEMCK,DIEMTK)
VALUES
  ('SV005','NV011','HP007','5','2026','VP',2,2,7,2);
  
INSERT INTO ADMIN.PROJECT_DANGKI (MASV,MAGV,MAHP,HK, NAM, MACT,DIEMTH,DIEMQT,DIEMCK,DIEMTK)
VALUES
  ('SV005','NV029','HP006','9','2026','VP',1,8,8,9);
  
INSERT INTO ADMIN.PROJECT_DANGKI (MASV,MAGV,MAHP,HK, NAM, MACT,DIEMTH,DIEMQT,DIEMCK,DIEMTK)
VALUES
  ('SV013','NV028','HP004','5','2026','VP',10,8,10,5);
  
INSERT INTO ADMIN.PROJECT_DANGKI (MASV,MAGV,MAHP,HK, NAM, MACT,DIEMTH,DIEMQT,DIEMCK,DIEMTK)
VALUES
  ('SV014','NV011','HP001','1','2024','VP',4,5,2,5);
  
INSERT INTO ADMIN.PROJECT_DANGKI (MASV,MAGV,MAHP,HK, NAM, MACT,DIEMTH,DIEMQT,DIEMCK,DIEMTK)
VALUES
  ('SV014','NV029','HP009','5','2024','VP',4,4,4,9);
  
INSERT INTO ADMIN.PROJECT_DANGKI (MASV,MAGV,MAHP,HK, NAM, MACT,DIEMTH,DIEMQT,DIEMCK,DIEMTK)
VALUES
  ('SV013','NV011','HP001','1','2024','VP',6,4,9,5);
  
INSERT INTO ADMIN.PROJECT_DANGKI (MASV,MAGV,MAHP,HK, NAM, MACT,DIEMTH,DIEMQT,DIEMCK,DIEMTK)
VALUES
  ('SV013','NV029','HP006','9','2026','VP',6,6,6,9);
  
INSERT INTO ADMIN.PROJECT_DANGKI (MASV,MAGV,MAHP,HK, NAM, MACT,DIEMTH,DIEMQT,DIEMCK,DIEMTK)
VALUES
  ('SV013','NV011','HP001','1','2024','VP',4,8,5,5);
  
INSERT INTO ADMIN.PROJECT_DANGKI (MASV,MAGV,MAHP,HK, NAM, MACT,DIEMTH,DIEMQT,DIEMCK,DIEMTK)
VALUES
  ('SV014','NV029','HP006','9','2026','VP',4,4,1,7);
  
INSERT INTO ADMIN.PROJECT_DANGKI (MASV,MAGV,MAHP,HK, NAM, MACT,DIEMTH,DIEMQT,DIEMCK,DIEMTK)
VALUES
  ('SV014','NV019','HP007','9','2026','VP',8,1,8,8);
  
INSERT INTO ADMIN.PROJECT_DANGKI (MASV,MAGV,MAHP,HK, NAM, MACT,DIEMTH,DIEMQT,DIEMCK,DIEMTK)
VALUES
  ('SV014','NV021','HP012','1','2026','VP',8,5,4,10);
  
INSERT INTO ADMIN.PROJECT_DANGKI (MASV,MAGV,MAHP,HK, NAM, MACT,DIEMTH,DIEMQT,DIEMCK,DIEMTK)
VALUES
  ('SV005','NV029','HP009','5','2024','VP',4,2,8,7);
  
INSERT INTO ADMIN.PROJECT_DANGKI (MASV,MAGV,MAHP,HK, NAM, MACT,DIEMTH,DIEMQT,DIEMCK,DIEMTK)
VALUES
  ('SV005','NV029','HP006','9','2026','VP',5,5,9,10);
  
INSERT INTO ADMIN.PROJECT_DANGKI (MASV,MAGV,MAHP,HK, NAM, MACT,DIEMTH,DIEMQT,DIEMCK,DIEMTK)
VALUES
  ('SV005','NV021','HP028','9','2025','VP',3,4,8,7);
  
INSERT INTO ADMIN.PROJECT_DANGKI (MASV,MAGV,MAHP,HK, NAM, MACT,DIEMTH,DIEMQT,DIEMCK,DIEMTK)
VALUES
  ('SV013','NV011','HP001','1','2024','VP',5,3,1,9);
  
INSERT INTO ADMIN.PROJECT_DANGKI (MASV,MAGV,MAHP,HK, NAM, MACT,DIEMTH,DIEMQT,DIEMCK,DIEMTK)
VALUES
  ('SV014','NV019','HP007','5','2026','VP',2,8,1,6);
  
INSERT INTO ADMIN.PROJECT_DANGKI (MASV,MAGV,MAHP,HK, NAM, MACT,DIEMTH,DIEMQT,DIEMCK,DIEMTK)
VALUES
  ('SV014','NV028','HP004','5','2026','VP',7,0,10,9);
  
INSERT INTO ADMIN.PROJECT_DANGKI (MASV,MAGV,MAHP,HK, NAM, MACT,DIEMTH,DIEMQT,DIEMCK,DIEMTK)
VALUES
  ('SV013','NV019','HP001','5','2024','VP',0,3,6,1);
  
INSERT INTO ADMIN.PROJECT_DANGKI (MASV,MAGV,MAHP,HK, NAM, MACT,DIEMTH,DIEMQT,DIEMCK,DIEMTK)
VALUES
  ('SV005','NV011','HP007','5','2026','VP',7,2,8,0);
  
INSERT INTO ADMIN.PROJECT_DANGKI (MASV,MAGV,MAHP,HK, NAM, MACT,DIEMTH,DIEMQT,DIEMCK,DIEMTK)
VALUES
  ('SV013','NV019','HP001','5','2024','VP',7,7,7,1);
  
INSERT INTO ADMIN.PROJECT_DANGKI (MASV,MAGV,MAHP,HK, NAM, MACT,DIEMTH,DIEMQT,DIEMCK,DIEMTK)
VALUES
  ('SV014','NV019','HP007','9','2026','VP',7,3,5,2);
  
INSERT INTO ADMIN.PROJECT_DANGKI (MASV,MAGV,MAHP,HK, NAM, MACT,DIEMTH,DIEMQT,DIEMCK,DIEMTK)
VALUES
  ('SV014','NV028','HP008','5','2026','VP',6,8,4,9);
  
INSERT INTO ADMIN.PROJECT_DANGKI (MASV,MAGV,MAHP,HK, NAM, MACT,DIEMTH,DIEMQT,DIEMCK,DIEMTK)
VALUES
  ('SV014','NV028','HP004','5','2026','VP',5,3,0,1);
  
INSERT INTO ADMIN.PROJECT_DANGKI (MASV,MAGV,MAHP,HK, NAM, MACT,DIEMTH,DIEMQT,DIEMCK,DIEMTK)
VALUES
  ('SV013','NV021','HP028','9','2025','VP',4,1,9,4);
  
INSERT INTO ADMIN.PROJECT_DANGKI (MASV,MAGV,MAHP,HK, NAM, MACT,DIEMTH,DIEMQT,DIEMCK,DIEMTK)
VALUES
  ('SV014','NV021','HP028','9','2025','VP',1,8,4,3);
  
INSERT INTO ADMIN.PROJECT_DANGKI (MASV,MAGV,MAHP,HK, NAM, MACT,DIEMTH,DIEMQT,DIEMCK,DIEMTK)
VALUES
  ('SV005','NV011','HP007','5','2026','VP',1,1,1,6);
  
INSERT INTO ADMIN.PROJECT_DANGKI (MASV,MAGV,MAHP,HK, NAM, MACT,DIEMTH,DIEMQT,DIEMCK,DIEMTK)
VALUES
  ('SV013','NV009','HP006','9','2026','VP',10,10,1,5);
  
INSERT INTO ADMIN.PROJECT_DANGKI (MASV,MAGV,MAHP,HK, NAM, MACT,DIEMTH,DIEMQT,DIEMCK,DIEMTK)
VALUES
  ('SV013','NV011','HP001','1','2024','VP',5,9,8,7);
  
INSERT INTO ADMIN.PROJECT_DANGKI (MASV,MAGV,MAHP,HK, NAM, MACT,DIEMTH,DIEMQT,DIEMCK,DIEMTK)
VALUES
  ('SV014','NV029','HP006','1','2024','VP',5,1,4,6);
  
INSERT INTO ADMIN.PROJECT_DANGKI (MASV,MAGV,MAHP,HK, NAM, MACT,DIEMTH,DIEMQT,DIEMCK,DIEMTK)
VALUES
  ('SV014','NV028','HP018','9','2024','VP',1,1,3,8);
  
INSERT INTO ADMIN.PROJECT_DANGKI (MASV,MAGV,MAHP,HK, NAM, MACT,DIEMTH,DIEMQT,DIEMCK,DIEMTK)
VALUES
  ('SV014','NV019','HP007','5','2026','VP',7,7,0,4);
  
INSERT INTO ADMIN.PROJECT_DANGKI (MASV,MAGV,MAHP,HK, NAM, MACT,DIEMTH,DIEMQT,DIEMCK,DIEMTK)
VALUES
  ('SV013','NV019','HP001','5','2024','VP',2,7,2,3);
  
INSERT INTO ADMIN.PROJECT_DANGKI (MASV,MAGV,MAHP,HK, NAM, MACT,DIEMTH,DIEMQT,DIEMCK,DIEMTK)
VALUES
  ('SV014','NV009','HP006','1','2024','VP',1,4,7,7);
  
INSERT INTO ADMIN.PROJECT_DANGKI (MASV,MAGV,MAHP,HK, NAM, MACT,DIEMTH,DIEMQT,DIEMCK,DIEMTK)
VALUES
  ('SV005','NV009','HP006','9','2026','VP',6,9,7,6);
  
INSERT INTO ADMIN.PROJECT_DANGKI (MASV,MAGV,MAHP,HK, NAM, MACT,DIEMTH,DIEMQT,DIEMCK,DIEMTK)
VALUES
  ('SV013','NV009','HP006','9','2026','VP',2,2,7,4);
  
INSERT INTO ADMIN.PROJECT_DANGKI (MASV,MAGV,MAHP,HK, NAM, MACT,DIEMTH,DIEMQT,DIEMCK,DIEMTK)
VALUES
  ('SV013','NV029','HP009','5','2024','VP',3,7,10,9);
  
INSERT INTO ADMIN.PROJECT_DANGKI (MASV,MAGV,MAHP,HK, NAM, MACT,DIEMTH,DIEMQT,DIEMCK,DIEMTK)
VALUES
  ('SV013','NV028','HP008','5','2026','VP',6,9,6,2);
  
INSERT INTO ADMIN.PROJECT_DANGKI (MASV,MAGV,MAHP,HK, NAM, MACT,DIEMTH,DIEMQT,DIEMCK,DIEMTK)
VALUES
  ('SV013','NV029','HP009','5','2024','VP',2,4,8,6);
  
INSERT INTO ADMIN.PROJECT_DANGKI (MASV,MAGV,MAHP,HK, NAM, MACT,DIEMTH,DIEMQT,DIEMCK,DIEMTK)
VALUES
  ('SV005','NV029','HP006','9','2026','VP',7,4,1,4);
  
INSERT INTO ADMIN.PROJECT_DANGKI (MASV,MAGV,MAHP,HK, NAM, MACT,DIEMTH,DIEMQT,DIEMCK,DIEMTK)
VALUES
  ('SV014','NV011','HP001','1','2024','VP',1,4,7,7);
  
INSERT INTO ADMIN.PROJECT_DANGKI (MASV,MAGV,MAHP,HK, NAM, MACT,DIEMTH,DIEMQT,DIEMCK,DIEMTK)
VALUES
  ('SV014','NV019','HP001','5','2024','VP',4,4,5,7);
  
INSERT INTO ADMIN.PROJECT_DANGKI (MASV,MAGV,MAHP,HK, NAM, MACT,DIEMTH,DIEMQT,DIEMCK,DIEMTK)
VALUES
  ('SV005','NV009','HP006','9','2026','VP',3,4,6,5);
  
INSERT INTO ADMIN.PROJECT_DANGKI (MASV,MAGV,MAHP,HK, NAM, MACT,DIEMTH,DIEMQT,DIEMCK,DIEMTK)
VALUES
  ('SV005','NV028','HP018','9','2024','VP',3,9,2,7);
  
INSERT INTO ADMIN.PROJECT_DANGKI (MASV,MAGV,MAHP,HK, NAM, MACT,DIEMTH,DIEMQT,DIEMCK,DIEMTK)
VALUES
  ('SV014','NV019','HP001','5','2024','VP',2,2,6,9);
  
INSERT INTO ADMIN.PROJECT_DANGKI (MASV,MAGV,MAHP,HK, NAM, MACT,DIEMTH,DIEMQT,DIEMCK,DIEMTK)
VALUES
  ('SV014','NV029','HP006','9','2026','VP',3,5,6,5);
  
INSERT INTO ADMIN.PROJECT_DANGKI (MASV,MAGV,MAHP,HK, NAM, MACT,DIEMTH,DIEMQT,DIEMCK,DIEMTK)
VALUES
  ('SV005','NV029','HP009','5','2024','VP',1,2,2,4);
--DANGKI CTTT-------------------------------------------------------------------
INSERT INTO ADMIN.PROJECT_DANGKI (MASV,MAGV,MAHP,HK, NAM, MACT,DIEMTH,DIEMQT,DIEMCK,DIEMTK)
VALUES
  ('SV016','NV021','HP011','1','2026','CTTT',5,9,5,9);
  
INSERT INTO ADMIN.PROJECT_DANGKI (MASV,MAGV,MAHP,HK, NAM, MACT,DIEMTH,DIEMQT,DIEMCK,DIEMTK)
VALUES
  ('SV011','NV028','HP025','1','2024','CTTT',0,0,2,4);
  
INSERT INTO ADMIN.PROJECT_DANGKI (MASV,MAGV,MAHP,HK, NAM, MACT,DIEMTH,DIEMQT,DIEMCK,DIEMTK)
VALUES
  ('SV011','NV019','HP005','1','2025','CTTT',7,0,3,2);
  
INSERT INTO ADMIN.PROJECT_DANGKI (MASV,MAGV,MAHP,HK, NAM, MACT,DIEMTH,DIEMQT,DIEMCK,DIEMTK)
VALUES
  ('SV006','NV009','HP006','5','2024','CTTT',6,8,1,5);
  
INSERT INTO ADMIN.PROJECT_DANGKI (MASV,MAGV,MAHP,HK, NAM, MACT,DIEMTH,DIEMQT,DIEMCK,DIEMTK)
VALUES
  ('SV002','NV021','HP028','5','2026','CTTT',9,4,8,1);
  
INSERT INTO ADMIN.PROJECT_DANGKI (MASV,MAGV,MAHP,HK, NAM, MACT,DIEMTH,DIEMQT,DIEMCK,DIEMTK)
VALUES
  ('SV002','NV009','HP010','1','2024','CTTT',1,8,0,4);
  
INSERT INTO ADMIN.PROJECT_DANGKI (MASV,MAGV,MAHP,HK, NAM, MACT,DIEMTH,DIEMQT,DIEMCK,DIEMTK)
VALUES
  ('SV008','NV028','HP025','5','2025','CTTT',2,3,1,4);
  
INSERT INTO ADMIN.PROJECT_DANGKI (MASV,MAGV,MAHP,HK, NAM, MACT,DIEMTH,DIEMQT,DIEMCK,DIEMTK)
VALUES
  ('SV001','NV009','HP010','1','2024','CTTT',5,1,0,9);
  
INSERT INTO ADMIN.PROJECT_DANGKI (MASV,MAGV,MAHP,HK, NAM, MACT,DIEMTH,DIEMQT,DIEMCK,DIEMTK)
VALUES
  ('SV001','NV028','HP027','5','2024','CTTT',5,1,0,0);
  
INSERT INTO ADMIN.PROJECT_DANGKI (MASV,MAGV,MAHP,HK, NAM, MACT,DIEMTH,DIEMQT,DIEMCK,DIEMTK)
VALUES
  ('SV016','NV011','HP005','1','2025','CTTT',3,4,3,3);
  
INSERT INTO ADMIN.PROJECT_DANGKI (MASV,MAGV,MAHP,HK, NAM, MACT,DIEMTH,DIEMQT,DIEMCK,DIEMTK)
VALUES
  ('SV008','NV011','HP005','1','2025','CTTT',3,6,10,10);
  
INSERT INTO ADMIN.PROJECT_DANGKI (MASV,MAGV,MAHP,HK, NAM, MACT,DIEMTH,DIEMQT,DIEMCK,DIEMTK)
VALUES
  ('SV001','NV011','HP005','1','2025','CTTT',9,9,3,4);
  
INSERT INTO ADMIN.PROJECT_DANGKI (MASV,MAGV,MAHP,HK, NAM, MACT,DIEMTH,DIEMQT,DIEMCK,DIEMTK)
VALUES
  ('SV011','NV011','HP005','1','2025','CTTT',0,4,4,5);
  
INSERT INTO ADMIN.PROJECT_DANGKI (MASV,MAGV,MAHP,HK, NAM, MACT,DIEMTH,DIEMQT,DIEMCK,DIEMTK)
VALUES
  ('SV016','NV028','HP025','5','2025','CTTT',6,4,7,10);
  
INSERT INTO ADMIN.PROJECT_DANGKI (MASV,MAGV,MAHP,HK, NAM, MACT,DIEMTH,DIEMQT,DIEMCK,DIEMTK)
VALUES
  ('SV002','NV028','HP004','9','2025','CTTT',8,3,1,4);
  
INSERT INTO ADMIN.PROJECT_DANGKI (MASV,MAGV,MAHP,HK, NAM, MACT,DIEMTH,DIEMQT,DIEMCK,DIEMTK)
VALUES
  ('SV016','NV028','HP027','5','2024','CTTT',10,4,3,6);
  
INSERT INTO ADMIN.PROJECT_DANGKI (MASV,MAGV,MAHP,HK, NAM, MACT,DIEMTH,DIEMQT,DIEMCK,DIEMTK)
VALUES
  ('SV011','NV028','HP004','9','2025','CTTT',3,9,6,5);
  
INSERT INTO ADMIN.PROJECT_DANGKI (MASV,MAGV,MAHP,HK, NAM, MACT,DIEMTH,DIEMQT,DIEMCK,DIEMTK)
VALUES
  ('SV016','NV029','HP017','9','2026','CTTT',6,0,5,5);
  
INSERT INTO ADMIN.PROJECT_DANGKI (MASV,MAGV,MAHP,HK, NAM, MACT,DIEMTH,DIEMQT,DIEMCK,DIEMTK)
VALUES
  ('SV016','NV009','HP006','5','2024','CTTT',7,6,8,6);
  
INSERT INTO ADMIN.PROJECT_DANGKI (MASV,MAGV,MAHP,HK, NAM, MACT,DIEMTH,DIEMQT,DIEMCK,DIEMTK)
VALUES
  ('SV006','NV009','HP017','9','2026','CTTT',3,2,7,1);
  
INSERT INTO ADMIN.PROJECT_DANGKI (MASV,MAGV,MAHP,HK, NAM, MACT,DIEMTH,DIEMQT,DIEMCK,DIEMTK)
VALUES
  ('SV011','NV009','HP010','1','2024','CTTT',9,7,6,0);
  
INSERT INTO ADMIN.PROJECT_DANGKI (MASV,MAGV,MAHP,HK, NAM, MACT,DIEMTH,DIEMQT,DIEMCK,DIEMTK)
VALUES
  ('SV016','NV028','HP025','5','2025','CTTT',6,1,4,7);
  
INSERT INTO ADMIN.PROJECT_DANGKI (MASV,MAGV,MAHP,HK, NAM, MACT,DIEMTH,DIEMQT,DIEMCK,DIEMTK)
VALUES
  ('SV016','NV028','HP025','1','2024','CTTT',6,7,1,5);
  
INSERT INTO ADMIN.PROJECT_DANGKI (MASV,MAGV,MAHP,HK, NAM, MACT,DIEMTH,DIEMQT,DIEMCK,DIEMTK)
VALUES
  ('SV006','NV021','HP028','5','2026','CTTT',1,9,7,7);
  
INSERT INTO ADMIN.PROJECT_DANGKI (MASV,MAGV,MAHP,HK, NAM, MACT,DIEMTH,DIEMQT,DIEMCK,DIEMTK)
VALUES
  ('SV016','NV029','HP017','9','2026','CTTT',8,9,1,4);
  
INSERT INTO ADMIN.PROJECT_DANGKI (MASV,MAGV,MAHP,HK, NAM, MACT,DIEMTH,DIEMQT,DIEMCK,DIEMTK)
VALUES
  ('SV008','NV028','HP018','1','2025','CTTT',6,6,3,1);
  
INSERT INTO ADMIN.PROJECT_DANGKI (MASV,MAGV,MAHP,HK, NAM, MACT,DIEMTH,DIEMQT,DIEMCK,DIEMTK)
VALUES
  ('SV008','NV028','HP025','1','2024','CTTT',9,8,3,0);
  
INSERT INTO ADMIN.PROJECT_DANGKI (MASV,MAGV,MAHP,HK, NAM, MACT,DIEMTH,DIEMQT,DIEMCK,DIEMTK)
VALUES
  ('SV002','NV021','HP014','1','2025','CTTT',6,9,4,2);
  
INSERT INTO ADMIN.PROJECT_DANGKI (MASV,MAGV,MAHP,HK, NAM, MACT,DIEMTH,DIEMQT,DIEMCK,DIEMTK)
VALUES
  ('SV011','NV028','HP027','5','2024','CTTT',2,4,0,5);
  
INSERT INTO ADMIN.PROJECT_DANGKI (MASV,MAGV,MAHP,HK, NAM, MACT,DIEMTH,DIEMQT,DIEMCK,DIEMTK)
VALUES
  ('SV001','NV028','HP004','9','2025','CTTT',9,8,6,6);
  
INSERT INTO ADMIN.PROJECT_DANGKI (MASV,MAGV,MAHP,HK, NAM, MACT,DIEMTH,DIEMQT,DIEMCK,DIEMTK)
VALUES
  ('SV001','NV028','HP018','1','2025','CTTT',8,7,10,4);
  
INSERT INTO ADMIN.PROJECT_DANGKI (MASV,MAGV,MAHP,HK, NAM, MACT,DIEMTH,DIEMQT,DIEMCK,DIEMTK)
VALUES
  ('SV006','NV028','HP004','5','2026','CTTT',5,6,8,5);
  
INSERT INTO ADMIN.PROJECT_DANGKI (MASV,MAGV,MAHP,HK, NAM, MACT,DIEMTH,DIEMQT,DIEMCK,DIEMTK)
VALUES
  ('SV001','NV028','HP018','1','2025','CTTT',1,2,7,7);
  
INSERT INTO ADMIN.PROJECT_DANGKI (MASV,MAGV,MAHP,HK, NAM, MACT,DIEMTH,DIEMQT,DIEMCK,DIEMTK)
VALUES
  ('SV001','NV028','HP008','9','2026','CTTT',8,3,1,4);
  
INSERT INTO ADMIN.PROJECT_DANGKI (MASV,MAGV,MAHP,HK, NAM, MACT,DIEMTH,DIEMQT,DIEMCK,DIEMTK)
VALUES
  ('SV008','NV021','HP014','1','2025','CTTT',7,5,6,0);
  
INSERT INTO ADMIN.PROJECT_DANGKI (MASV,MAGV,MAHP,HK, NAM, MACT,DIEMTH,DIEMQT,DIEMCK,DIEMTK)
VALUES
  ('SV002','NV028','HP027','5','2024','CTTT',7,8,5,7);
  
INSERT INTO ADMIN.PROJECT_DANGKI (MASV,MAGV,MAHP,HK, NAM, MACT,DIEMTH,DIEMQT,DIEMCK,DIEMTK)
VALUES
  ('SV011','NV028','HP008','9','2026','CTTT',8,9,1,8);
  
INSERT INTO ADMIN.PROJECT_DANGKI (MASV,MAGV,MAHP,HK, NAM, MACT,DIEMTH,DIEMQT,DIEMCK,DIEMTK)
VALUES
  ('SV006','NV028','HP025','5','2025','CTTT',1,1,5,2);
  
INSERT INTO ADMIN.PROJECT_DANGKI (MASV,MAGV,MAHP,HK, NAM, MACT,DIEMTH,DIEMQT,DIEMCK,DIEMTK)
VALUES
  ('SV011','NV011','HP005','1','2025','CTTT',7,7,3,10);
  
INSERT INTO ADMIN.PROJECT_DANGKI (MASV,MAGV,MAHP,HK, NAM, MACT,DIEMTH,DIEMQT,DIEMCK,DIEMTK)
VALUES
  ('SV006','NV028','HP027','5','2024','CTTT',6,5,2,4);
  
INSERT INTO ADMIN.PROJECT_DANGKI (MASV,MAGV,MAHP,HK, NAM, MACT,DIEMTH,DIEMQT,DIEMCK,DIEMTK)
VALUES
  ('SV008','NV009','HP017','9','2026','CTTT',2,6,1,4);
  
INSERT INTO ADMIN.PROJECT_DANGKI (MASV,MAGV,MAHP,HK, NAM, MACT,DIEMTH,DIEMQT,DIEMCK,DIEMTK)
VALUES
  ('SV002','NV028','HP008','9','2026','CTTT',1,7,7,1);
  
INSERT INTO ADMIN.PROJECT_DANGKI (MASV,MAGV,MAHP,HK, NAM, MACT,DIEMTH,DIEMQT,DIEMCK,DIEMTK)
VALUES
  ('SV006','NV009','HP017','9','2026','CTTT',9,4,6,1);
  
INSERT INTO ADMIN.PROJECT_DANGKI (MASV,MAGV,MAHP,HK, NAM, MACT,DIEMTH,DIEMQT,DIEMCK,DIEMTK)
VALUES
  ('SV001','NV029','HP017','9','2026','CTTT',10,8,5,3);
  
INSERT INTO ADMIN.PROJECT_DANGKI (MASV,MAGV,MAHP,HK, NAM, MACT,DIEMTH,DIEMQT,DIEMCK,DIEMTK)
VALUES
  ('SV008','NV028','HP008','9','2026','CTTT',8,4,9,8);
  
INSERT INTO ADMIN.PROJECT_DANGKI (MASV,MAGV,MAHP,HK, NAM, MACT,DIEMTH,DIEMQT,DIEMCK,DIEMTK)
VALUES
  ('SV002','NV021','HP014','1','2025','CTTT',1,1,6,4);
  
INSERT INTO ADMIN.PROJECT_DANGKI (MASV,MAGV,MAHP,HK, NAM, MACT,DIEMTH,DIEMQT,DIEMCK,DIEMTK)
VALUES
  ('SV006','NV029','HP017','9','2026','CTTT',7,7,3,3);
  
INSERT INTO ADMIN.PROJECT_DANGKI (MASV,MAGV,MAHP,HK, NAM, MACT,DIEMTH,DIEMQT,DIEMCK,DIEMTK)
VALUES
  ('SV006','NV021','HP028','5','2026','CTTT',7,5,7,4);
  
INSERT INTO ADMIN.PROJECT_DANGKI (MASV,MAGV,MAHP,HK, NAM, MACT,DIEMTH,DIEMQT,DIEMCK,DIEMTK)
VALUES
  ('SV001','NV019','HP005','1','2025','CTTT',5,1,8,2);
  
INSERT INTO ADMIN.PROJECT_DANGKI (MASV,MAGV,MAHP,HK, NAM, MACT,DIEMTH,DIEMQT,DIEMCK,DIEMTK)
VALUES
  ('SV008','NV021','HP011','1','2026','CTTT',3,10,9,3);